date,open,high,low,close,volume,amount,turnover_rate
2021-05-14,57.0,57.75,56.58,57.74,448423,2562656960.0,0.75
2021-05-17,57.75,58.8,57.53,58.29,360040,2098368496.0,0.6
2021-05-18,58.31,58.68,57.73,57.93,237809,1379605600.0,0.4
2021-05-19,57.9,57.92,57.21,57.41,229975,1319498016.0,0.39
2021-05-20,57.91,58.19,57.39,58.0,294611,1707256064.0,0.49
2021-05-21,58.14,58.57,57.4,57.5,282667,1631780848.0,0.47
2021-05-24,57.23,57.24,56.67,56.8,357296,2028325952.0,0.6
2021-05-25,56.2,56.5,54.7,55.89,1127793,6239121408.0,1.89
2021-05-26,55.9,56.37,55.32,56.19,476186,2666326944.0,0.8
2021-05-27,58.5,59.27,57.62,58.04,956354,5563245312.0,1.6
2021-05-28,58.0,58.0,56.8,56.99,648626,3705660096.0,1.09
2021-05-31,57.06,57.21,55.88,56.3,560534,3148066464.0,0.94
2021-06-01,56.3,56.53,55.96,56.3,340780,1914326080.0,0.57
2021-06-02,56.3,56.39,55.92,56.05,322038,1804226480.0,0.54
2021-06-03,56.19,56.5,55.98,55.98,385266,2164949328.0,0.65
2021-06-04,55.98,56.28,55.56,55.98,309287,1727355920.0,0.52
2021-06-07,55.93,55.93,55.16,55.36,406189,2252014960.0,0.68
2021-06-08,55.3,55.69,54.96,55.23,286037,1580515232.0,0.48
2021-06-09,55.15,55.45,55.05,55.23,304787,1682756816.0,0.51
2021-06-10,55.23,55.32,55.0,55.01,397507,2189740592.0,0.67
2021-06-11,55.03,55.15,54.35,54.62,422872,2314231520.0,0.71
2021-06-15,54.65,55.38,54.4,55.37,457887,2509517520.0,0.77
2021-06-16,55.39,55.97,55.02,55.18,314229,1740250224.0,0.53
2021-06-17,55.2,55.2,54.5,54.7,291670,1596470736.0,0.49
2021-06-18,54.7,54.91,53.67,53.68,507550,2743124656.0,0.85
2021-06-21,52.48,52.48,51.0,51.11,1112656,5716391168.0,1.86
2021-06-22,51.12,51.36,49.5,49.82,1078956,5412379392.0,1.81
2021-06-23,49.85,51.72,49.83,51.72,867550,4408991744.0,1.45
2021-06-24,51.79,51.86,50.68,51.45,474099,2432922000.0,0.79
2021-06-25,51.5,52.56,51.16,52.23,478185,2491896256.0,0.8
2021-06-28,53.9,54.46,52.36,52.66,525550,2792874736.0,0.88
2021-06-29,52.62,52.62,50.9,51.17,476672,2451681424.0,0.8
2021-06-30,51.6,52.29,51.17,52.1,295133,1531980016.0,0.49
2021-07-01,52.12,52.5,51.1,51.86,353772,1832127568.0,0.59
2021-07-02,51.2,51.49,50.35,50.99,470885,2394366192.0,0.79
2021-07-05,51.0,51.2,49.69,49.89,486469,2435008448.0,0.82
2021-07-06,49.55,50.26,49.38,50.11,352958,1760384512.0,0.59
2021-07-07,49.83,51.08,49.83,50.19,364271,1837963488.0,0.61
2021-07-08,50.29,50.29,49.0,49.2,565598,2785355808.0,0.95
2021-07-09,49.2,49.44,48.2,49.3,405655,1978394160.0,0.68
2021-07-12,49.7,49.8,48.81,48.92,380151,1870355648.0,0.64
2021-07-13,49.15,49.67,48.5,49.4,368843,1812638368.0,0.62
2021-07-14,49.3,49.9,48.81,49.6,455308,2242530208.0,0.76
2021-07-15,49.1,49.8,48.99,49.5,380324,1880239600.0,0.64
2021-07-16,49.5,50.16,49.2,49.99,438104,2182804464.0,0.73
2021-07-19,50.3,51.73,50.0,51.48,724003,3689072640.0,1.21
2021-07-20,51.35,51.94,50.7,51.2,463385,2371160192.0,0.78
2021-07-21,51.2,51.49,49.9,49.95,498844,2513927008.0,0.84
2021-07-22,49.8,50.45,49.5,49.95,390263,1950632112.0,0.65
2021-07-23,49.9,49.91,48.98,49.02,450421,2220467344.0,0.75
2021-07-26,48.8,48.83,47.58,47.63,655755,3157734048.0,1.1
2021-07-27,47.98,48.1,46.7,46.76,629826,2997870160.0,1.06
2021-07-28,46.5,48.08,46.16,47.5,562061,2636900480.0,0.94
2021-07-29,47.97,48.18,47.41,47.56,464806,2219582640.0,0.78
2021-07-30,47.21,47.68,46.5,47.5,403025,1896384736.0,0.68
2021-08-02,47.13,48.9,46.6,48.25,523146,2500117936.0,0.88
2021-08-03,47.9,49.5,47.71,49.21,586064,2852640160.0,0.98
2021-08-04,49.9,49.9,48.28,48.51,524208,2553662736.0,0.88
2021-08-05,48.12,49.29,48.05,48.12,348446,1693076384.0,0.58
2021-08-06,48.2,48.26,47.41,47.74,278494,1327766208.0,0.47
2021-08-09,47.5,48.82,47.39,48.47,415868,2015087856.0,0.7
2021-08-10,48.09,48.59,47.6,48.5,359847,1730715520.0,0.6
2021-08-11,48.64,49.23,47.9,48.05,487192,2363706832.0,0.82
2021-08-12,48.02,48.24,46.66,46.77,658667,3109179248.0,1.1
2021-08-13,46.78,46.95,46.17,46.52,391950,1816651824.0,0.66
2021-08-16,46.85,48.18,46.68,47.99,615369,2925127056.0,1.03
2021-08-17,48.09,48.2,47.05,47.12,409459,1947513376.0,0.69
2021-08-18,47.18,47.74,46.9,47.64,328739,1554982464.0,0.55
2021-08-19,47.54,47.88,47.01,47.22,343576,1623878784.0,0.58
2021-08-20,47.03,47.11,45.45,46.1,728893,3357398160.0,1.22
2021-08-23,44.0,45.15,42.78,44.99,942712,4189470032.0,1.58
2021-08-24,45.0,45.98,44.11,44.47,619734,2783194080.0,1.04
2021-08-25,44.68,44.78,44.27,44.41,373017,1659846768.0,0.62
2021-08-26,44.1,44.1,43.0,43.14,549966,2383986208.0,0.92
2021-08-27,43.0,43.45,42.81,42.83,337550,1450676880.0,0.57
2021-08-30,42.85,42.96,40.82,41.0,825769,3409147872.0,1.38
2021-08-31,41.2,41.96,40.3,41.1,654681,2683806288.0,1.1
2021-09-01,41.5,41.88,40.72,41.66,906218,3748449200.0,1.52
2021-09-02,41.66,41.66,40.16,40.47,1043769,4239776816.0,1.75
2021-09-03,40.48,40.88,40.2,40.59,819835,3324871712.0,1.37
2021-09-06,40.86,41.57,40.75,41.39,893792,3688053168.0,1.5
2021-09-07,41.29,41.83,40.91,41.75,701598,2911290160.0,1.18
2021-09-08,41.6,41.67,41.27,41.53,710791,2947899920.0,1.19
2021-09-09,41.37,41.79,41.26,41.46,480368,1993173008.0,0.8
2021-09-10,41.5,41.66,41.13,41.24,590323,2438143168.0,0.99
2021-09-13,41.26,41.39,40.61,40.8,594126,2426375280.0,1.0
2021-09-14,40.95,41.3,40.17,40.21,639684,2590811968.0,1.07
2021-09-15,40.03,40.05,38.69,38.99,1076488,4211635248.0,1.8
2021-09-16,38.8,39.09,38.19,38.21,774093,2986504720.0,1.3
2021-09-17,38.09,38.38,37.44,38.26,724545,2748770736.0,1.21
2021-09-22,37.57,37.92,37.44,37.79,368043,1388108832.0,0.62
2021-09-23,37.96,38.48,37.88,38.11,517064,1970606848.0,0.87
2021-09-24,38.0,38.43,37.75,37.91,436109,1661950912.0,0.73
2021-09-27,37.83,39.25,37.55,38.44,740250,2851180000.0,1.24
2021-09-28,38.1,38.53,37.72,38.11,466110,1778321088.0,0.78
2021-09-29,38.82,39.6,38.46,39.3,1047373,4088950864.0,1.75
2021-09-30,39.29,39.46,38.73,38.75,673326,2621148192.0,1.13
2021-10-08,38.88,39.96,38.37,39.81,826855,3257750464.0,1.38
2021-10-11,39.99,40.12,39.54,39.85,558193,2220797744.0,0.93
2021-10-12,39.52,39.88,39.27,39.44,435443,1719468368.0,0.73
2021-10-13,39.22,39.43,38.52,39.1,453317,1763602976.0,0.76
2021-10-14,39.03,39.32,38.82,38.98,271457,1059647792.0,0.45
2021-10-15,38.98,39.49,38.81,39.05,402258,1573665760.0,0.67
2021-10-18,39.05,39.1,38.22,38.36,396045,1522040800.0,0.66
2021-10-19,38.2,39.26,38.17,39.05,452124,1756961696.0,0.76
2021-10-20,39.1,39.3,38.52,38.58,353147,1366357120.0,0.59
2021-10-21,38.58,40.1,38.42,40.08,966087,3815529568.0,1.62
2021-10-22,40.1,41.06,40.08,40.67,1062089,4321712640.0,1.78
2021-10-25,40.05,40.21,39.14,39.37,885019,3491700496.0,1.48
2021-10-26,39.28,39.56,38.93,38.98,523588,2050893280.0,0.88
2021-10-27,38.0,38.01,36.6,36.77,1591211,5920208896.0,2.67
2021-10-28,36.47,36.75,35.91,36.5,625269,2272474224.0,1.05
2021-10-29,36.49,36.83,36.03,36.65,557771,2031501312.0,0.93
2021-11-01,36.32,37.29,35.93,36.97,632053,2326782400.0,1.06
2021-11-02,36.92,37.19,36.12,36.36,520889,1906431984.0,0.87
2021-11-03,36.36,36.55,35.81,36.28,429450,1551877072.0,0.72
2021-11-04,36.29,36.43,35.92,36.42,511861,1849404272.0,0.86
2021-11-05,36.3,36.75,36.0,36.36,448898,1632362240.0,0.75
2021-11-08,36.01,36.23,35.89,36.01,424179,1527015984.0,0.71
2021-11-09,36.01,36.17,35.53,35.6,525954,1885207232.0,0.9
2021-11-10,35.5,35.51,34.1,34.67,1123073,3886365712.0,1.91
2021-11-11,34.73,36.12,34.61,36.12,1238538,4435844608.0,2.11
2021-11-12,36.23,36.23,35.3,35.43,742524,2638480176.0,1.27
2021-11-15,35.58,36.29,35.47,36.09,578556,2076828096.0,0.99
2021-11-16,36.23,36.64,36.1,36.32,606326,2208393440.0,1.03
2021-11-17,36.78,36.99,36.24,36.33,548348,2000372512.0,0.93
2021-11-18,36.23,36.33,35.71,35.75,462281,1661634368.0,0.79
2021-11-19,35.69,36.04,35.38,35.91,482933,1721816272.0,0.82
2021-11-22,35.85,36.08,35.61,35.72,380023,1356811552.0,0.65
2021-11-23,35.5,35.98,35.11,35.9,538987,1923450704.0,0.92
2021-11-24,35.9,35.96,35.52,35.73,379317,1353835376.0,0.65
2021-11-25,35.61,36.08,35.34,35.38,436947,1555562192.0,0.74
2021-11-26,35.3,35.32,35.1,35.13,310586,1091575184.0,0.53
2021-11-29,34.77,34.83,34.53,34.63,424632,1471557296.0,0.72
2021-11-30,34.68,35.08,34.46,34.56,388079,1346723296.0,0.66
2021-12-01,34.41,35.19,34.23,35.18,441191,1536348096.0,0.75
2021-12-02,35.0,35.28,34.76,35.1,299982,1051275808.0,0.51
2021-12-03,35.1,35.25,34.65,34.98,360033,1257442560.0,0.61
2021-12-06,34.9,36.0,34.85,35.4,709541,2526480576.0,1.21
2021-12-07,35.63,36.64,35.6,36.63,1092862,3963859104.0,1.86
2021-12-08,36.73,36.78,36.03,36.51,687489,2498667392.0,1.17
2021-12-09,36.46,37.42,36.46,36.87,1022009,3787536384.0,1.74
2021-12-10,36.6,36.87,36.25,36.6,541645,1977834720.0,0.92
2021-12-13,36.6,37.34,36.6,36.67,657590,2429806896.0,1.12
2021-12-14,36.89,36.89,36.11,36.2,516397,1875930144.0,0.88
2021-12-15,36.09,36.33,35.85,35.9,412089,1484918560.0,0.7
2021-12-16,35.95,36.14,35.67,36.04,379441,1361585504.0,0.65
2021-12-17,36.0,36.0,35.46,35.5,423097,1506512960.0,0.72
2021-12-20,35.4,35.77,35.23,35.25,379167,1345780784.0,0.65
2021-12-21,35.37,36.1,35.35,35.86,477805,1711621536.0,0.81
2021-12-22,35.89,36.12,35.48,35.93,415704,1484335264.0,0.71
2021-12-23,35.75,35.98,35.48,35.71,306520,1093506816.0,0.52
2021-12-24,35.72,35.72,35.25,35.6,350835,1245210272.0,0.6
2021-12-27,35.68,37.6,35.6,37.59,1398889,5146983680.0,2.38
2021-12-28,37.59,38.14,37.13,37.8,1162189,4386736896.0,1.98
2021-12-29,37.6,37.64,36.82,36.82,726745,2694219024.0,1.24
2021-12-30,36.9,37.1,36.67,36.83,458544,1691831376.0,0.78
2021-12-31,36.83,37.19,36.62,37.03,417656,1542702560.0,0.71
2022-01-04,37.03,37.75,36.84,37.58,662317,2476956640.0,1.13
2022-01-05,37.6,39.75,37.45,39.05,1822689,7096693504.0,3.11
2022-01-06,39.05,39.12,38.38,38.61,868195,3361222000.0,1.48
2022-01-07,38.92,40.4,38.66,40.14,1646657,6578247680.0,2.81
2022-01-10,40.14,41.11,39.8,40.27,1100967,4442139392.0,1.88
2022-01-11,40.05,40.75,39.63,39.96,661513,2656490288.0,1.13
2022-01-12,39.96,39.99,39.01,39.52,645049,2537022704.0,1.1
2022-01-13,39.5,40.0,38.98,39.1,518231,2042497040.0,0.88
2022-01-14,39.0,39.09,38.22,38.25,566275,2179386992.0,0.96
2022-01-17,38.0,38.6,37.95,38.55,442997,1695237632.0,0.75
2022-01-18,38.5,39.3,38.03,39.21,670212,2592454496.0,1.14
2022-01-19,38.95,39.81,38.83,39.45,664621,2620575648.0,1.13
2022-01-20,39.47,40.47,39.4,40.0,737767,2953297392.0,1.26
2022-01-21,39.97,40.1,39.01,39.1,507886,2002507392.0,0.87
2022-01-24,39.0,39.39,38.42,38.85,427209,1657804976.0,0.73
2022-01-25,39.01,40.09,38.85,38.89,709592,2801345248.0,1.21
2022-01-26,38.89,39.68,38.54,39.16,418620,1632888112.0,0.71
2022-01-27,39.03,39.03,37.36,37.4,741024,2809008832.0,1.26
2022-01-28,37.5,38.25,37.49,37.83,476445,1804189424.0,0.81
2022-02-07,38.27,38.58,37.7,38.22,403733,1538004320.0,0.69
2022-02-08,38.22,38.52,37.84,38.49,346409,1323905936.0,0.59
2022-02-09,38.44,38.86,38.3,38.58,411069,1585360864.0,0.7
2022-02-10,38.91,39.16,38.61,38.74,476581,1851287568.0,0.81
2022-02-11,38.74,40.15,38.59,39.9,874832,3465777696.0,1.49
2022-02-14,40.28,40.38,39.04,39.76,623387,2469766384.0,1.06
2022-02-15,39.43,39.66,38.92,39.14,456550,1789899232.0,0.78
2022-02-16,39.02,39.44,38.95,39.22,307809,1205567440.0,0.52
2022-02-17,39.3,39.3,38.52,38.64,427144,1655726800.0,0.73
2022-02-18,38.4,39.05,38.3,39.04,263605,1022307664.0,0.45
2022-02-21,38.8,38.98,38.43,38.83,339681,1314482656.0,0.58
2022-02-22,38.5,38.64,37.83,37.91,530479,2022365200.0,0.9
2022-02-23,38.02,38.29,37.97,38.24,292466,1114454720.0,0.5
2022-02-24,38.15,38.15,36.91,37.2,608241,2278471696.0,1.04
2022-02-25,37.24,37.49,36.91,37.17,427127,1586835664.0,0.73
2022-02-28,37.18,37.2,36.19,36.77,627306,2293619056.0,1.07
2022-03-01,36.7,37.07,36.35,36.83,429858,1575009088.0,0.73
2022-03-02,36.5,36.68,36.38,36.58,245958,898150624.0,0.42
2022-03-03,36.72,36.76,36.01,36.1,461738,1674074496.0,0.79
2022-03-04,35.86,35.97,35.52,35.83,339626,1214431328.0,0.58
2022-03-07,35.6,35.64,34.86,34.89,489133,1714476192.0,0.83
2022-03-08,34.88,35.11,33.88,33.93,539168,1850600736.0,0.92
2022-03-09,33.93,34.25,31.69,33.34,786803,2605457184.0,1.34
2022-03-10,34.48,34.49,33.25,33.5,474895,1602547376.0,0.81
2022-03-11,32.99,33.89,32.53,33.8,362909,1206824368.0,0.62
2022-03-14,33.23,33.62,33.0,33.03,299433,995386032.0,0.51
2022-03-15,32.69,32.69,31.19,31.2,622854,1987762080.0,1.06
2022-03-16,31.61,31.95,30.65,31.75,606345,1902922080.0,1.03
2022-03-17,32.41,32.78,32.06,32.07,652062,2110302464.0,1.11
2022-03-18,31.8,32.53,31.64,32.26,533265,1710776512.0,0.91
2022-03-21,32.28,32.46,31.93,32.16,404036,1300188160.0,0.69
2022-03-22,32.14,32.81,32.01,32.45,394398,1281198112.0,0.67
2022-03-23,32.5,32.59,32.11,32.36,299320,967387984.0,0.51
2022-03-24,32.2,32.29,31.95,32.07,255953,821598992.0,0.44
2022-03-25,32.3,32.3,31.5,31.52,406848,1294746064.0,0.69
2022-03-28,31.06,31.64,30.75,31.64,277666,866933968.0,0.47
2022-03-29,31.67,31.73,31.24,31.28,204409,642365104.0,0.35
2022-03-30,31.38,32.07,31.38,32.07,331528,1053011600.0,0.56
2022-03-31,32.0,32.5,31.88,32.3,362676,1170411744.0,0.62
2022-04-01,32.1,33.08,31.86,33.02,468241,1530723536.0,0.8
2022-04-06,33.02,33.41,32.86,33.19,398952,1320570224.0,0.68
2022-04-07,33.05,33.36,32.75,33.08,372623,1232790400.0,0.63
2022-04-08,32.18,32.28,31.79,32.21,341177,1092830816.0,0.58
2022-04-11,32.31,32.32,31.6,31.78,335349,1069368560.0,0.57
2022-04-12,31.77,32.8,31.43,32.46,388335,1244030912.0,0.66
2022-04-13,32.38,32.43,31.95,31.96,244791,787489472.0,0.42
2022-04-14,32.2,32.59,32.06,32.49,305662,991435648.0,0.52
2022-04-15,32.1,32.58,32.1,32.38,218347,707716592.0,0.37
2022-04-18,32.38,32.38,31.88,32.0,206310,660742768.0,0.35
2022-04-19,32.0,32.18,31.37,31.55,325152,1030807360.0,0.55
2022-04-20,31.51,32.33,31.5,31.73,297307,948017712.0,0.51
2022-04-21,31.73,31.99,31.01,31.18,362730,1140350288.0,0.62
2022-04-22,30.81,32.17,30.42,31.97,436429,1373756880.0,0.74
2022-04-25,31.61,32.0,30.7,30.71,439331,1379618272.0,0.75
2022-04-26,30.97,31.08,29.92,30.0,422925,1286629728.0,0.72
2022-04-27,29.8,30.47,29.65,30.46,372647,1121298000.0,0.63
2022-04-28,30.4,30.64,29.9,30.31,355267,1074045136.0,0.61
2022-04-29,30.36,31.33,30.3,31.21,420627,1299787920.0,0.72
2022-05-05,32.5,34.23,32.38,34.22,1223182,4108444752.0,2.08
2022-05-06,33.74,34.17,33.51,33.96,586930,1983418032.0,1.0
2022-05-09,33.72,33.83,33.21,33.37,334368,1118136560.0,0.57
2022-05-10,32.99,33.65,32.7,33.55,489292,1627312768.0,0.83
2022-05-11,33.57,33.72,33.04,33.3,492802,1644664208.0,0.84
2022-05-12,33.01,33.58,32.83,33.25,303578,1009125200.0,0.52
2022-05-13,33.4,33.76,33.27,33.53,327401,1096621744.0,0.56
2022-05-16,33.95,34.14,33.18,33.32,295149,990650832.0,0.5
2022-05-17,33.55,33.65,33.08,33.36,238649,795004224.0,0.41
2022-05-18,33.4,33.43,32.74,33.0,312875,1031801472.0,0.53
2022-05-19,32.68,32.9,32.42,32.72,280650,915389024.0,0.48
2022-05-20,32.86,33.33,32.8,33.23,408343,1353042016.0,0.7
2022-05-23,32.95,32.95,32.11,32.38,559286,1812451936.0,0.95
2022-05-24,32.22,32.53,31.79,31.79,335080,1077204656.0,0.57
2022-05-25,31.77,31.83,31.46,31.77,268488,849891680.0,0.46
2022-05-26,31.78,31.99,31.35,31.74,432331,1366575568.0,0.74
2022-05-27,31.88,32.16,31.35,31.53,431004,1365791552.0,0.73
2022-05-30,31.6,31.86,31.54,31.84,339786,1077260016.0,0.58
2022-05-31,31.86,32.19,31.65,32.17,428663,1370159296.0,0.73
2022-06-01,32.18,32.33,31.6,31.73,496286,1582411056.0,0.85
2022-06-02,31.5,31.6,31.01,31.52,467676,1462714368.0,0.8
2022-06-06,31.52,31.77,31.14,31.7,458857,1444065936.0,0.78
2022-06-07,31.65,31.94,31.5,31.92,425934,1353080128.0,0.73
2022-06-08,32.0,32.16,31.58,31.81,479734,1526209088.0,0.82
2022-06-09,31.8,31.86,31.31,31.31,408906,1288908128.0,0.7
2022-06-10,31.1,31.63,31.05,31.55,383281,1202385360.0,0.65
2022-06-13,31.3,31.43,31.14,31.32,303461,949058336.0,0.52
2022-06-14,31.1,31.66,31.04,31.64,347983,1088702608.0,0.59
2022-06-15,31.6,32.66,31.5,32.35,926428,2994446384.0,1.58
2022-06-16,32.22,32.44,31.88,32.0,562305,1805538512.0,0.96
2022-06-17,31.8,32.94,31.69,32.65,900589,2920885744.0,1.53
2022-06-20,32.85,33.45,32.79,32.96,761113,2516483456.0,1.3
2022-06-21,32.94,33.5,32.7,33.18,808364,2681259648.0,1.38
2022-06-22,33.2,33.25,32.02,32.12,769624,2499640736.0,1.31
2022-06-23,32.1,32.26,31.41,32.25,1051743,3335704816.0,1.79
2022-06-24,32.7,35.2,32.4,33.9,2233273,7594768128.0,3.8
2022-06-27,33.7,33.85,33.2,33.25,1618728,5414513664.0,2.76
2022-06-28,33.27,33.47,32.76,33.45,848431,2815287040.0,1.45
2022-06-29,33.48,33.94,33.22,33.27,871207,2921164496.0,1.48
2022-06-30,33.29,33.75,33.1,33.72,663594,2223982160.0,1.13
2022-07-01,33.68,33.76,33.22,33.45,388146,1297691136.0,0.66
2022-07-04,33.46,33.68,33.26,33.64,460226,1541616720.0,0.78
2022-07-05,33.67,34.09,32.91,33.17,591444,1973024352.0,1.06
2022-07-06,33.33,33.5,32.65,32.81,501622,1653307008.0,0.9
2022-07-07,33.1,33.4,32.74,32.89,510527,1685779536.0,0.91
2022-07-08,33.0,33.69,32.78,33.4,587678,1952251840.0,1.05
2022-07-11,33.77,34.35,33.65,33.99,924940,3136823408.0,1.66
2022-07-12,33.9,35.33,33.8,34.93,1401463,4904189405.39,2.51
2022-07-13,35.28,35.83,34.7,34.97,953749,3358734170.67,1.71
2022-07-14,35.4,35.49,33.84,34.18,915976,3151980156.1,1.64
2022-07-15,34.2,34.65,33.67,33.7,624134,2128248929.48,1.12
2022-07-18,33.6,34.3,33.04,34.3,518340,1742251761.41,0.93
2022-07-19,34.01,34.35,33.82,34.08,336855,1146595568.21,0.6
2022-07-20,34.22,34.33,33.93,34.11,308842,1054322223.27,0.55
2022-07-21,34.12,34.12,33.72,33.95,286661,971806411.53,0.51
2022-07-22,33.88,34.15,33.46,33.94,310445,1048212709.8,0.56
2022-07-25,34.0,34.34,33.82,34.23,432641,1477305072.98,0.77
2022-07-26,34.22,34.22,33.85,34.13,377140,1282394805.27,0.67
2022-07-27,33.93,34.0,33.36,33.41,437985,1469299500.22,0.78
2022-07-28,33.44,33.62,33.28,33.31,312832,1044841874.39,0.56
2022-07-29,33.52,33.65,33.2,33.26,390446,1304903275.51,0.7
2022-08-01,33.2,33.24,32.82,33.01,337580,1112282967.41,0.6
2022-08-02,32.71,32.72,31.68,31.86,568092,1817293080.64,1.02
2022-08-03,31.8,32.2,31.7,31.82,359144,1147102189.1,0.64
2022-08-04,31.96,32.25,31.7,32.16,374221,1196487721.28,0.67
2022-08-05,30.49,30.73,30.09,30.73,452306,1374951141.35,0.81
2022-08-08,30.6,30.73,30.43,30.55,271424,828567643.64,0.49
2022-08-09,30.54,30.85,30.48,30.61,235961,723759653.62,0.42
2022-08-10,30.74,30.77,30.33,30.42,199205,606767033.88,0.36
2022-08-11,30.5,30.85,30.48,30.83,242736,745787216.44,0.43
2022-08-12,30.88,30.99,30.72,30.89,227250,701441077.36,0.41
2022-08-15,31.0,31.35,30.75,30.89,316415,980684224.48,0.57
2022-08-16,30.95,31.03,30.77,30.86,193407,596307146.8,0.35
2022-08-17,30.88,31.02,30.44,30.98,293996,906353892.66,0.53
2022-08-18,30.87,30.88,30.4,30.43,341891,1043951429.43,0.61
2022-08-19,30.44,30.75,30.4,30.46,257700,786785996.21,0.46
2022-08-22,30.46,30.75,30.33,30.49,256306,782698442.68,0.46
2022-08-23,30.4,30.41,30.15,30.23,276981,836814097.36,0.5
2022-08-24,30.22,30.33,30.01,30.04,272726,821529227.6,0.49
2022-08-25,30.13,30.36,29.9,30.36,290181,875049212.5,0.52
2022-08-26,30.5,30.6,30.13,30.15,220313,666996591.28,0.39
2022-08-29,29.92,30.37,29.85,30.33,244285,736292833.08,0.44
2022-08-30,30.35,30.73,30.34,30.55,233617,712653756.66,0.42
2022-08-31,31.9,32.15,31.52,31.93,1401503,4468837438.38,2.51
2022-09-01,31.9,33.59,31.83,32.85,1571213,5190350757.36,2.81
2022-09-02,33.1,33.23,32.5,33.02,771270,2538961381.28,1.38
2022-09-05,32.99,33.55,32.81,33.36,591181,1964842055.06,1.06
2022-09-06,33.36,33.5,32.75,33.16,486221,1606598226.84,0.87
2022-09-07,33.1,33.15,32.75,32.97,401412,1321992367.7,0.72
2022-09-08,33.05,33.44,32.91,33.18,316306,1048674100.73,0.57
2022-09-09,33.3,34.95,33.26,34.67,1113250,3822477103.85,1.99
2022-09-13,34.67,35.42,34.46,35.15,813359,2851010739.49,1.46
2022-09-14,34.7,35.04,34.56,34.92,417907,1456450317.87,0.75
2022-09-15,35.0,35.72,34.8,35.1,666577,2349659387.39,1.19
2022-09-16,35.24,35.64,34.59,34.59,578309,2020198263.57,1.04
2022-09-19,34.66,34.73,33.8,34.46,423704,1456673522.47,0.76
2022-09-20,34.54,34.85,33.68,34.2,421638,1436025188.21,0.75
2022-09-21,34.2,34.49,33.74,34.35,343764,1175255772.63,0.62
2022-09-22,34.0,34.04,33.1,33.12,528416,1764007999.1,0.95
2022-09-23,33.12,33.45,32.75,33.08,326827,1081572532.05,0.58
2022-09-26,32.77,33.45,32.71,32.86,298664,986077974.92,0.53
2022-09-27,32.8,33.6,32.61,33.45,383660,1275214957.77,0.69
2022-09-28,33.3,33.45,32.94,33.0,257902,853707049.84,0.46
2022-09-29,33.04,33.25,32.5,32.55,276083,903331342.64,0.49
2022-09-30,32.45,32.82,32.2,32.43,241121,784213094.34,0.43
2022-10-10,32.6,32.82,32.05,32.2,305222,990223537.53,0.55
2022-10-11,32.23,32.33,31.8,31.94,237809,761317997.07,0.43
2022-10-12,31.94,32.29,31.42,32.28,285434,907639645.68,0.51
2022-10-13,32.11,32.19,31.62,31.69,270165,861552984.0,0.48
2022-10-14,31.76,32.49,31.76,32.39,363451,1172578164.99,0.65
2022-10-17,32.34,32.4,32.05,32.27,287652,926620056.28,0.51
2022-10-18,32.35,32.54,32.16,32.34,268111,866819013.8,0.48
2022-10-19,32.3,32.3,31.08,31.13,478261,1507807186.67,0.86
2022-10-20,31.0,31.06,30.55,30.66,514780,1582853782.37,0.92
2022-10-21,30.7,30.9,30.4,30.6,289409,887734973.62,0.52
2022-10-24,30.6,30.87,29.94,29.98,511355,1543195833.72,0.92
2022-10-25,29.6,30.18,29.6,29.8,332197,992196034.92,0.59
2022-10-26,29.8,30.25,29.8,30.02,359288,1078674129.73,0.64
2022-10-27,30.28,30.48,30.09,30.41,377643,1143835610.62,0.68
2022-10-28,30.55,30.69,29.96,30.19,480892,1459228263.63,0.86
2022-10-31,29.58,29.92,28.49,28.67,1083033,3132805797.07,1.94
2022-11-01,28.75,29.37,28.6,29.37,646025,1874169160.77,1.16
2022-11-02,29.16,30.0,29.05,29.55,566733,1669391342.33,1.01
2022-11-03,29.26,29.6,29.18,29.29,327907,962098061.3,0.59
2022-11-04,29.3,30.32,29.3,30.16,535485,1605718550.15,0.96
2022-11-07,30.16,30.49,30.02,30.27,337481,1019600741.07,0.6
2022-11-08,30.3,30.35,29.98,30.14,230928,694922727.48,0.41
2022-11-09,30.25,30.6,30.15,30.26,274566,833638222.68,0.49
2022-11-10,30.01,30.26,29.93,30.12,203774,613111630.34,0.36
2022-11-11,30.75,31.5,30.46,31.11,665086,2060381561.27,1.19
2022-11-14,31.8,32.41,31.61,31.71,749636,2398336011.09,1.34
2022-11-15,31.8,32.17,31.5,31.99,391991,1252336617.45,0.7
2022-11-16,32.02,32.08,31.68,31.73,278932,887834587.88,0.5
2022-11-17,31.67,31.92,31.51,31.75,225406,714269173.45,0.4
2022-11-18,31.83,32.02,31.69,31.76,203125,646632936.98,0.36
2022-11-21,31.55,31.57,31.0,31.1,282278,878476706.89,0.51
2022-11-22,31.2,31.61,31.08,31.29,219449,687275501.06,0.39
2022-11-23,31.32,31.53,31.18,31.2,183435,574485619.17,0.33
2022-11-24,31.45,31.61,31.18,31.22,154163,482978083.98,0.28
2022-11-25,31.21,31.96,31.2,31.76,349981,1110462202.16,0.63
2022-11-28,31.25,31.53,30.86,31.5,261703,817009080.54,0.47
2022-11-29,32.01,32.61,31.93,32.47,513730,1658978772.02,0.92
2022-11-30,32.43,32.63,31.92,32.17,385711,1242142347.79,0.69
2022-12-01,32.5,32.77,32.36,32.42,365439,1187271476.67,0.65
2022-12-02,32.25,32.36,32.09,32.23,259460,836470935.03,0.46
2022-12-05,32.49,32.94,32.48,32.88,370531,1215476571.38,0.66
2022-12-06,32.77,33.31,32.55,32.94,351583,1159982480.47,0.63
2022-12-07,32.93,33.35,32.7,33.12,384985,1273056316.23,0.69
2022-12-08,33.15,33.31,32.91,33.01,247186,817959963.88,0.44
2022-12-09,33.09,34.1,32.98,33.88,686804,2304109729.27,1.23
2022-12-12,33.79,33.94,33.27,33.28,374208,1256353586.74,0.67
2022-12-13,33.47,33.6,33.31,33.37,240632,803646375.91,0.43
2022-12-14,33.36,33.66,32.99,33.4,373874,1246848388.22,0.67
2022-12-15,33.36,33.71,32.88,33.01,278524,921951277.99,0.5
2022-12-16,32.82,33.26,32.78,33.26,306233,1013812022.92,0.55
2022-12-19,33.22,33.65,32.73,32.82,264173,875081107.32,0.47
2022-12-20,32.75,32.9,32.06,32.3,241272,781725229.8,0.43
2022-12-21,32.24,32.67,32.24,32.43,190634,618308607.27,0.34
2022-12-22,32.58,33.37,32.58,32.94,310063,1023161476.38,0.55
2022-12-23,32.77,33.09,32.56,32.78,133523,438291964.15,0.24
2022-12-26,32.8,32.81,32.31,32.35,190077,616557291.89,0.34
2022-12-27,32.47,32.97,32.26,32.63,226464,739779462.87,0.41
2022-12-28,32.44,32.8,32.31,32.57,309398,1007976114.69,0.55
2022-12-29,32.5,32.52,32.01,32.16,253494,815934409.74,0.45
2022-12-30,32.24,32.49,32.21,32.32,192641,623204689.0,0.34
2023-01-03,32.52,32.78,32.16,32.5,264450,857203474.09,0.47
2023-01-04,32.52,33.34,32.44,33.31,415944,1376299367.64,0.74
2023-01-05,33.61,34.45,33.5,34.2,508894,1733431275.45,0.91
2023-01-06,34.16,34.4,33.91,34.1,309166,1053069733.42,0.55
2023-01-09,34.0,34.28,33.97,34.09,243099,829238871.93,0.43
2023-01-10,34.1,34.39,33.81,34.12,189744,648148450.27,0.34
2023-01-11,34.12,34.5,33.93,34.43,315975,1084532714.07,0.57
2023-01-12,34.31,34.44,34.06,34.12,178706,611164530.82,0.32
2023-01-13,34.2,34.5,34.12,34.45,248451,853583446.16,0.44
2023-01-16,34.61,36.0,34.52,35.48,691190,2443086448.06,1.24
2023-01-17,35.44,35.55,35.14,35.45,287753,1017964726.39,0.51
2023-01-18,35.4,35.64,34.94,35.21,242364,853027493.8,0.43
2023-01-19,34.99,35.17,34.72,35.1,198208,692956465.23,0.35
2023-01-20,35.16,35.4,34.91,35.05,228960,802935939.29,0.41
2023-01-30,35.7,35.75,34.98,35.05,406011,1431756651.31,0.73
2023-01-31,35.05,35.27,34.5,34.63,276693,963487230.05,0.49
2023-02-01,34.8,35.08,34.64,34.95,273695,954296679.77,0.49
2023-02-02,34.96,35.06,34.75,34.88,300857,1049190456.34,0.54
2023-02-03,34.7,34.77,34.45,34.7,227968,788485486.2,0.41
2023-02-06,34.51,34.52,33.82,33.84,335208,1140037078.01,0.6
2023-02-07,34.04,34.47,33.98,34.42,228762,784539740.71,0.41
2023-02-08,34.49,34.84,34.15,34.29,200065,689358452.38,0.36
2023-02-09,34.1,34.44,34.01,34.35,207620,711646331.9,0.37
2023-02-10,34.38,34.39,34.1,34.27,152728,523507993.43,0.27
2023-02-13,34.31,34.74,34.16,34.71,286386,987660445.65,0.51
2023-02-14,34.78,34.92,34.6,34.87,192682,670015186.44,0.34
2023-02-15,34.85,34.9,34.44,34.54,167134,577757678.09,0.3
2023-02-16,34.54,34.79,33.93,34.15,281351,968714064.96,0.5
2023-02-17,34.15,34.35,33.95,33.97,181938,621456149.38,0.33
2023-02-20,33.97,35.2,33.97,35.15,523420,1822339522.66,0.94
2023-02-21,35.4,36.29,35.33,36.14,813050,2920138337.59,1.45
2023-02-22,36.08,36.27,35.76,36.08,326660,1176963005.69,0.58
2023-02-23,36.22,37.31,36.22,37.03,813705,3014292022.42,1.46
2023-02-24,36.87,37.0,36.38,36.56,369261,1352140214.94,0.66
2023-02-27,35.24,35.45,34.54,35.21,391829,1376848522.18,0.7
2023-02-28,35.35,35.74,34.93,35.52,349954,1237336463.87,0.63
2023-03-01,35.52,36.59,35.41,36.42,519705,1882938245.46,0.93
2023-03-02,36.18,36.9,36.12,36.61,457584,1676275922.1,0.82
2023-03-03,36.9,37.53,36.8,36.97,455732,1690430394.73,0.81
2023-03-06,36.98,37.35,36.48,36.91,421124,1556527309.4,0.75
2023-03-07,36.8,37.01,36.16,36.24,414115,1512768970.84,0.74
2023-03-08,36.06,36.59,36.0,36.49,264508,962114236.77,0.47
2023-03-09,36.73,36.8,36.3,36.62,275033,1009001335.36,0.49
2023-03-10,36.45,36.55,35.57,35.61,360106,1294371651.69,0.64
2023-03-13,35.61,37.12,35.53,37.11,633486,2321045501.75,1.13
2023-03-14,37.0,37.6,36.59,36.94,610731,2269712345.17,1.09
2023-03-15,37.01,37.65,36.92,37.45,369051,1378304181.23,0.66
2023-03-16,37.2,37.7,37.0,37.3,375702,1406362389.76,0.67
2023-03-17,37.65,37.96,37.31,37.51,388876,1463969892.26,0.7
2023-03-20,37.49,37.7,36.83,37.1,311754,1158701862.84,0.56
2023-03-21,37.03,37.69,36.98,37.62,315311,1183366151.14,0.56
2023-03-22,37.68,37.77,37.06,37.21,263488,982422968.29,0.47
2023-03-23,37.19,37.5,36.95,37.14,331012,1231631548.47,0.59
2023-03-24,37.01,37.04,36.6,36.86,319514,1177943450.55,0.57
2023-03-27,36.87,36.92,36.2,36.38,370441,1350143941.15,0.66
2023-03-28,36.41,36.72,36.01,36.4,282253,1027278619.78,0.5
2023-03-29,36.43,36.55,36.02,36.15,213239,772096709.22,0.38
2023-03-30,36.2,37.54,35.83,37.23,546578,2005354003.46,0.98
2023-03-31,37.03,37.3,36.71,36.75,331766,1226454623.67,0.59
2023-04-03,36.85,37.48,36.73,37.26,296209,1101948259.53,0.53
2023-04-04,37.12,37.26,36.8,37.03,241679,894596325.65,0.43
2023-04-06,37.04,37.06,36.5,36.75,241197,884473175.43,0.43
2023-04-07,36.75,37.56,36.66,37.29,327833,1223357475.5,0.59
2023-04-10,37.29,37.77,37.02,37.75,317368,1193801199.43,0.57
2023-04-11,37.95,39.4,37.88,39.4,953641,3728690731.93,1.71
2023-04-12,39.42,39.7,39.15,39.4,397237,1565796850.54,0.71
2023-04-13,39.26,39.26,38.39,38.52,318527,1231928665.64,0.57
2023-04-14,38.58,38.7,38.25,38.4,213932,822639039.9,0.38
2023-04-17,38.75,40.34,38.7,40.26,775150,3083784769.24,1.39
2023-04-18,40.42,41.18,40.25,40.58,559068,2275236560.91,1.0
2023-04-19,40.58,40.99,39.94,40.02,409883,1655582272.58,0.73
2023-04-20,40.63,41.9,40.5,41.81,754388,3135979072.4,1.35
2023-04-21,42.0,42.38,40.94,41.02,458350,1905363433.46,0.82
2023-04-24,41.59,42.62,41.1,41.29,657239,2745696781.85,1.18
2023-04-25,41.3,41.39,40.06,40.84,585689,2380660539.41,1.05
2023-04-26,40.53,40.65,39.53,40.0,468778,1869597261.48,0.84
2023-04-27,39.98,40.19,39.49,39.8,428931,1710418686.14,0.77
2023-04-28,40.2,40.37,39.02,39.34,690283,2717033086.46,1.23
2023-05-04,36.0,36.5,35.41,35.42,2129350,7577271735.62,3.81
2023-05-05,35.4,35.88,34.77,35.15,1108025,3900066283.65,1.98
2023-05-08,35.3,35.44,34.33,34.61,1019334,3527983125.0,1.82
2023-05-09,34.59,35.19,34.5,34.67,697920,2429885987.11,1.25
2023-05-10,34.5,34.81,33.88,34.59,491426,1692227822.63,0.88
2023-05-11,34.51,34.67,34.0,34.01,533238,1822353714.59,0.95
2023-05-12,34.01,34.77,33.97,34.27,504535,1737222742.58,0.9
2023-05-15,34.29,34.62,33.9,34.47,407477,1396326950.25,0.73
2023-05-16,34.4,34.4,33.73,33.86,550402,1867813199.15,0.98
2023-05-17,33.94,34.04,33.51,34.02,383674,1296412012.05,0.69
2023-05-18,33.97,34.74,33.88,34.34,457687,1574163782.84,0.82
2023-05-19,34.13,35.12,34.01,34.82,488819,1698208741.07,0.87
2023-05-22,34.7,35.56,34.58,35.2,498286,1754067938.57,0.89
2023-05-23,35.21,35.41,35.03,35.05,287584,1012599415.47,0.51
2023-05-24,35.02,35.2,34.4,34.49,267336,928735849.6,0.48
2023-05-25,34.42,34.42,33.99,34.34,331930,1133263849.79,0.59
2023-05-26,34.28,34.47,33.91,34.4,185680,634553908.03,0.33
2023-05-29,34.39,34.66,33.71,34.03,286433,973886487.09,0.51
2023-05-30,34.03,34.03,33.32,33.61,445193,1493859343.44,0.8
2023-05-31,33.62,33.67,32.72,32.98,502144,1658777410.96,0.9
2023-06-01,32.9,33.01,32.51,32.53,431927,1411900023.88,0.77
2023-06-02,32.72,34.25,32.72,34.09,787532,2651395235.66,1.41
2023-06-05,34.09,34.24,33.5,34.17,307786,1043893176.01,0.55
2023-06-06,34.09,34.78,33.86,34.09,389516,1338578010.17,0.7
2023-06-07,34.55,34.89,34.15,34.47,427479,1477768400.66,0.76
2023-06-08,34.43,35.63,34.26,35.49,616882,2166445653.22,1.1
2023-06-09,36.5,36.64,35.13,35.2,469562,1670930340.58,0.84
2023-06-12,35.22,36.41,35.17,36.08,569983,2045844612.58,1.02
2023-06-13,36.08,36.58,35.89,36.07,377054,1363381264.85,0.67
2023-06-14,36.21,37.08,36.15,36.62,538706,1979494645.41,0.96
2023-06-15,36.95,37.24,36.66,37.04,513268,1897082362.82,0.92
2023-06-16,37.11,37.28,36.48,37.1,540704,1993666320.2,0.97
2023-06-19,36.9,36.93,35.98,36.04,438848,1588106004.38,0.78
2023-06-20,36.11,37.3,36.11,36.37,422341,1547661948.24,0.76
2023-06-21,36.3,36.8,36.03,36.16,267247,971750750.16,0.48
2023-06-26,36.3,36.73,35.85,35.97,417846,1514880137.55,0.75
2023-06-27,35.97,37.1,35.73,36.88,574058,2107543660.61,1.03
2023-06-28,37.0,37.68,37.0,37.3,528169,1974855560.31,0.94
2023-06-29,37.47,37.58,36.75,36.79,255453,943486394.13,0.46
2023-06-30,36.94,36.97,36.48,36.51,293174,1073991315.89,0.52
2023-07-03,36.52,37.65,36.4,37.4,423551,1578330100.45,0.76
2023-07-04,37.4,37.55,36.63,36.88,341075,1260331736.57,0.61
2023-07-05,36.92,37.09,36.55,36.95,258595,951679817.95,0.46
2023-07-06,36.81,37.46,36.64,36.69,219540,810400557.8,0.39
2023-07-07,36.65,36.7,36.3,36.48,201280,734243944.42,0.36
2023-07-10,36.6,36.9,36.42,36.67,201833,740391855.98,0.36
2023-07-11,36.7,37.2,36.58,37.09,214229,792359934.86,0.38
2023-07-12,37.09,37.55,36.9,37.22,271782,1014181345.24,0.49
2023-07-13,37.25,37.63,37.05,37.22,241596,901870423.93,0.43
2023-07-14,37.28,37.3,36.6,36.74,266626,980952840.98,0.48
2023-07-17,36.78,37.0,36.52,36.88,138162,508009882.37,0.25
2023-07-18,36.9,37.45,36.66,37.24,273926,1016132765.49,0.49
2023-07-19,37.24,37.58,37.16,37.51,237285,888042927.56,0.42
2023-07-20,37.51,37.8,37.25,37.25,190745,717042765.42,0.34
2023-07-21,37.53,37.61,36.9,37.03,182040,674997695.81,0.33
2023-07-24,36.8,36.99,36.46,36.62,174374,638716695.04,0.31
2023-07-25,36.99,38.88,36.99,38.7,754218,2874756554.27,1.35
2023-07-26,38.55,39.04,38.51,38.86,333581,1295618410.09,0.6
2023-07-27,38.86,39.0,38.06,38.19,244283,939058908.35,0.44
2023-07-28,38.15,39.06,38.15,38.8,406538,1577185469.32,0.73
2023-07-31,39.01,39.5,38.63,38.76,358654,1397895367.38,0.64
2023-08-01,38.66,39.05,38.23,38.45,250984,967707194.59,0.45
2023-08-02,38.45,38.65,38.18,38.29,204371,783937568.11,0.37
2023-08-03,38.1,38.38,38.0,38.22,192608,735404886.39,0.34
2023-08-04,38.39,39.08,38.38,38.44,218254,842579032.2,0.39
2023-08-07,38.36,38.53,37.9,38.05,211649,805481627.98,0.38
2023-08-08,37.9,38.2,37.76,37.9,191267,726274745.41,0.34
2023-08-09,37.15,37.2,36.83,36.96,223227,826115884.04,0.4
2023-08-10,37.02,37.1,35.98,36.55,390136,1419756585.35,0.7
2023-08-11,36.55,36.55,35.8,35.91,272622,983703165.33,0.49
2023-08-14,35.66,35.9,34.96,35.82,329677,1167358686.12,0.59
2023-08-15,35.78,36.05,35.52,35.74,187405,670578842.25,0.34
2023-08-16,35.67,36.0,35.35,35.82,155662,555995406.47,0.28
2023-08-17,35.53,36.04,35.2,36.02,153318,548346500.94,0.27
2023-08-18,36.02,36.08,35.33,35.48,222488,791312698.92,0.4
2023-08-21,35.5,35.59,34.61,34.61,339625,1188863140.2,0.61
2023-08-22,34.76,34.99,34.34,34.5,317056,1098254327.05,0.57
2023-08-23,34.67,34.82,34.19,34.23,229941,791934928.03,0.41
2023-08-24,34.23,34.97,34.15,34.77,226564,784975994.01,0.41
2023-08-25,34.53,34.86,34.37,34.65,165705,573151967.61,0.3
2023-08-28,36.09,36.5,34.39,34.53,504452,1768290449.37,0.9
2023-08-29,34.46,34.88,34.25,34.79,330157,1144798893.9,0.59
2023-08-30,34.94,35.55,34.81,35.12,401751,1412637414.08,0.72
2023-08-31,35.64,36.02,35.43,35.79,544819,1950317671.51,0.97
2023-09-01,35.9,36.78,35.9,36.69,417004,1523440652.91,0.75
2023-09-04,37.0,37.33,36.74,37.21,368210,1365426562.75,0.66
2023-09-05,37.21,37.23,36.83,36.96,218167,806515403.23,0.39
2023-09-06,36.9,36.9,36.45,36.73,215785,791055275.02,0.39
2023-09-07,36.7,36.83,36.41,36.59,175885,643740413.14,0.31
2023-09-08,36.45,36.55,35.92,36.06,161466,583225153.57,0.29
2023-09-11,36.17,36.5,35.96,36.22,224256,811897738.03,0.4
2023-09-12,36.22,36.75,36.03,36.55,196902,719438091.63,0.35
2023-09-13,36.45,36.6,36.18,36.27,138152,501986150.91,0.25
2023-09-14,36.36,36.4,35.98,36.28,153926,556719385.74,0.28
2023-09-15,36.35,36.46,35.81,35.96,258232,931018817.81,0.46
2023-09-18,35.84,36.16,35.61,36.15,150710,542834693.07,0.27
2023-09-19,36.1,36.1,35.89,36.1,193349,695960718.25,0.35
2023-09-20,36.2,36.75,35.8,36.6,220253,802487566.76,0.39
2023-09-21,36.5,36.55,36.11,36.14,165173,598805931.19,0.3
2023-09-22,36.33,36.73,36.01,36.71,205127,748274478.71,0.37
2023-09-25,36.83,36.92,36.5,36.65,166675,611583209.09,0.3
2023-09-26,36.63,36.89,36.5,36.55,100309,367412189.33,0.18
2023-09-27,36.46,36.85,36.43,36.5,169859,621843630.51,0.3
2023-09-28,36.53,36.65,36.25,36.3,152029,552509311.16,0.27
2023-10-09,36.2,36.77,35.84,36.6,247568,901912870.6,0.44
2023-10-10,36.73,36.85,35.08,35.25,460552,1639098479.11,0.82
2023-10-11,35.29,35.81,35.03,35.07,236528,834496789.34,0.42
2023-10-12,35.35,35.48,34.95,35.16,258560,908956456.95,0.46
2023-10-13,35.0,35.05,34.63,34.81,210475,731449981.33,0.38
2023-10-16,34.8,34.88,34.51,34.58,180946,626341119.71,0.32
2023-10-17,34.59,34.85,34.5,34.79,164409,571050599.73,0.29
2023-10-18,34.7,34.7,34.31,34.39,193291,666267009.7,0.35
2023-10-19,34.16,34.31,33.69,33.71,307275,1041200498.55,0.55
2023-10-20,33.63,33.88,33.48,33.58,211862,712895194.8,0.38
2023-10-23,33.58,33.8,33.11,33.45,178963,598522618.36,0.32
2023-10-24,33.6,33.68,33.21,33.55,260261,870049199.63,0.47
2023-10-25,33.99,34.05,33.42,33.49,264354,889649499.83,0.47
2023-10-26,33.4,33.65,33.15,33.39,205711,685589803.44,0.37
2023-10-27,33.88,34.42,33.55,34.22,456033,1551851204.68,0.82
2023-10-30,34.1,34.27,33.81,34.05,301714,1024941837.21,0.54
2023-10-31,34.28,34.28,33.82,33.93,259423,881387502.23,0.46
2023-11-01,33.85,34.05,33.71,33.84,202899,686718880.89,0.36
2023-11-02,33.87,34.42,33.85,34.03,298788,1018357231.89,0.54
2023-11-03,34.03,34.16,33.86,34.01,244876,833080838.0,0.44
2023-11-06,34.15,34.18,33.84,34.08,342397,1164921201.03,0.61
2023-11-07,34.0,34.02,33.66,33.79,283820,959310694.01,0.51
2023-11-08,33.8,33.88,33.5,33.67,315615,1063059458.47,0.57
2023-11-09,33.67,33.83,33.58,33.7,196691,662691150.94,0.35
2023-11-10,33.7,33.7,33.37,33.48,220590,737889765.63,0.4
2023-11-13,33.33,33.48,32.32,32.57,577977,1887277481.34,1.04
2023-11-14,32.41,32.84,32.2,32.78,302183,985908323.9,0.54
2023-11-15,32.98,33.02,32.7,32.85,260261,854392765.05,0.47
2023-11-16,32.8,32.85,32.45,32.61,203309,662865371.29,0.36
2023-11-17,32.4,32.57,32.26,32.5,221672,717893453.26,0.4
2023-11-20,32.5,32.97,32.21,32.79,292388,955070591.97,0.52
2023-11-21,32.86,33.26,32.8,32.87,294220,972407448.06,0.53
2023-11-22,32.78,32.92,32.66,32.75,200535,657519522.81,0.36
2023-11-23,32.75,33.0,32.53,32.96,219398,718352202.45,0.39
2023-11-24,32.96,33.13,32.8,33.0,209527,691097915.97,0.38
2023-11-27,33.0,33.0,32.58,32.77,231489,757426392.49,0.41
2023-11-28,32.75,32.96,32.65,32.89,160681,527270628.76,0.29
2023-11-29,32.85,32.93,32.63,32.88,179580,588995772.05,0.32
2023-11-30,32.77,33.08,32.77,32.95,197210,649914618.37,0.35
2023-12-01,32.98,33.0,32.23,32.5,347277,1127729799.62,0.62
2023-12-04,32.46,32.93,32.38,32.8,248306,813234426.6,0.44
2023-12-05,32.73,32.96,32.47,32.47,228866,749468140.23,0.41
2023-12-06,32.43,32.69,32.34,32.42,213777,694729359.6,0.38
2023-12-07,32.5,33.08,32.45,32.82,306857,1006689049.24,0.55
2023-12-08,32.8,33.03,32.71,32.88,217174,714933424.53,0.39
2023-12-11,32.71,32.97,32.36,32.84,281106,918210492.87,0.5
2023-12-12,32.78,33.37,32.72,33.28,301160,998459135.83,0.54
2023-12-13,33.3,33.3,32.82,32.96,233944,771494328.31,0.42
2023-12-14,33.0,33.4,33.0,33.14,284164,943744169.0,0.51
2023-12-15,33.25,33.35,33.06,33.1,261698,868127074.49,0.47
2023-12-18,32.95,33.38,32.64,33.17,210997,698998872.58,0.38
2023-12-19,33.16,33.18,32.91,33.15,161785,534402794.63,0.29
2023-12-20,32.78,32.8,30.78,30.8,1241106,3884586023.49,2.22
2023-12-21,31.1,31.86,31.06,31.49,913251,2869808381.48,1.64
2023-12-22,31.32,32.32,31.29,32.04,581120,1855875804.68,1.04
2023-12-25,32.07,32.24,31.85,31.95,281843,902465455.79,0.5
2023-12-26,31.95,32.34,31.68,31.77,230865,736632433.97,0.41
2023-12-27,31.81,32.1,31.68,32.05,276425,882879713.6,0.5
2023-12-28,32.2,32.44,31.98,32.31,380343,1226246305.72,0.68
2023-12-29,32.21,32.34,31.92,32.17,329147,1055454739.27,0.59
2024-01-02,32.17,32.2,31.96,32.03,253797,814257174.52,0.45
2024-01-03,32.0,32.08,31.7,31.8,254469,810315013.15,0.46
2024-01-04,31.9,32.01,31.45,31.95,333398,1057458411.45,0.6
2024-01-05,32.05,33.29,31.62,32.98,832157,2738167636.02,1.49
2024-01-08,33.12,33.21,32.85,32.9,415911,1372722050.09,0.74
2024-01-09,32.81,33.55,32.65,33.49,438208,1454959636.83,0.78
2024-01-10,33.35,33.84,33.28,33.67,366486,1233441572.36,0.66
2024-01-11,33.66,33.82,33.42,33.59,284089,955075100.15,0.51
2024-01-12,33.5,33.83,33.42,33.62,224013,753931821.3,0.4
2024-01-15,33.45,33.95,33.42,33.84,295681,996815724.5,0.53
2024-01-16,33.74,34.24,33.61,34.11,288817,981985129.61,0.52
2024-01-17,33.98,34.17,33.66,33.67,254044,862978614.67,0.46
2024-01-18,33.45,33.8,32.83,33.64,425999,1415827045.65,0.76
2024-01-19,33.5,33.75,33.36,33.55,221193,742171248.79,0.4
2024-01-22,33.51,33.73,32.8,33.0,374868,1252130523.0,0.67
2024-01-23,33.01,33.15,32.73,32.95,342016,1126417759.11,0.61
2024-01-24,33.16,33.7,32.96,33.65,324248,1081791120.13,0.58
2024-01-25,33.65,33.81,33.41,33.66,343032,1153568899.04,0.61
2024-01-26,33.61,33.77,33.2,33.66,402429,1348398856.33,0.72
2024-01-29,34.97,35.25,34.41,35.06,825997,2881709947.28,1.48
2024-01-30,34.8,35.57,34.67,35.15,595593,2096921935.78,1.07
2024-01-31,34.98,35.67,34.91,35.25,572176,2026993048.41,1.02
2024-02-01,35.18,35.49,35.01,35.28,396452,1399336815.11,0.71
2024-02-02,35.2,35.84,34.63,35.6,572033,2029392736.28,1.02
2024-02-05,35.35,36.16,35.13,36.08,680969,2434258295.16,1.22
2024-02-06,35.9,36.8,35.55,35.9,771546,2786260236.21,1.38
2024-02-07,35.91,36.88,35.47,36.8,770418,2793901512.5,1.38
2024-02-08,36.8,36.94,35.96,36.14,570544,2075374688.46,1.02
2024-02-19,36.48,37.0,36.16,36.98,496454,1822315594.67,0.89
2024-02-20,37.0,38.0,36.94,37.96,512567,1932836783.29,0.92
2024-02-21,37.9,38.35,37.61,37.87,476226,1811420029.02,0.85
2024-02-22,37.7,38.3,37.6,38.28,314746,1199293232.89,0.56
2024-02-23,38.35,38.41,37.9,38.12,341738,1304163891.46,0.61
2024-02-26,38.66,39.34,38.61,38.88,487607,1898772035.0,0.87
2024-02-27,38.76,39.0,38.52,38.88,351050,1361036932.17,0.63
2024-02-28,38.87,39.19,38.55,38.8,351334,1366592263.19,0.63
2024-02-29,38.8,39.19,38.7,39.05,339440,1323366861.9,0.61
2024-03-01,39.08,40.02,38.94,40.01,492351,1959057808.2,0.88
2024-03-04,40.4,41.0,39.84,40.07,512992,2069842376.94,0.92
2024-03-05,39.99,40.26,39.54,40.2,415342,1656369540.05,0.74
2024-03-06,40.18,40.58,40.05,40.12,279657,1127135011.81,0.5
2024-03-07,40.44,41.17,40.31,40.95,442306,1809719828.07,0.79
2024-03-08,40.96,41.16,40.57,40.97,262474,1074163111.78,0.47
2024-03-11,40.97,41.25,40.05,40.47,444828,1797670198.3,0.8
2024-03-12,40.46,40.46,38.9,39.26,834673,3279867071.54,1.49
2024-03-13,39.19,39.56,38.93,39.48,419753,1649612350.65,0.75
2024-03-14,39.33,40.03,39.31,39.55,348136,1383580808.98,0.62
2024-03-15,39.59,39.61,38.51,38.82,485509,1885101523.86,0.87
2024-03-18,38.84,38.89,38.02,38.3,523705,2005747361.53,0.94
2024-03-19,38.25,38.57,38.1,38.28,308844,1185571317.0,0.55
2024-03-20,38.26,38.46,37.75,38.25,316233,1206997723.24,0.57
2024-03-21,38.3,38.39,37.8,37.92,311924,1185099232.2,0.56
2024-03-22,37.9,38.25,37.77,38.14,294905,1122536771.85,0.53
2024-03-25,38.01,38.62,37.85,38.16,336788,1288353421.89,0.6
2024-03-26,38.14,38.33,37.8,38.1,335209,1274359377.76,0.6
2024-03-27,38.02,39.08,38.02,38.67,458120,1776774056.14,0.82
2024-03-28,38.95,39.5,38.38,39.2,460441,1799386683.22,0.82
2024-03-29,39.1,39.45,38.88,39.31,235858,926421709.71,0.42
2024-04-01,39.5,40.28,39.46,40.12,385076,1540677171.58,0.69
2024-04-02,40.0,40.39,39.81,39.99,309175,1240313639.8,0.55
2024-04-03,39.96,40.48,39.86,40.37,255374,1025866808.06,0.46
2024-04-08,40.36,40.36,39.4,39.57,367134,1458182185.5,0.66
2024-04-09,39.5,39.6,38.05,38.1,587518,2267107751.78,1.05
2024-04-10,38.08,38.65,37.8,37.92,374312,1425725310.28,0.67
2024-04-11,37.79,38.0,37.45,37.9,288705,1090571254.06,0.52
2024-04-12,37.95,38.55,37.77,38.18,328349,1255809586.59,0.59
2024-04-15,38.33,39.43,38.19,39.4,466934,1819645631.08,0.84
2024-04-16,39.26,39.76,38.87,39.38,432950,1704342327.43,0.78
2024-04-17,39.13,39.58,38.4,39.57,373531,1459215247.58,0.67
2024-04-18,39.45,40.6,39.31,40.0,498592,1999878416.96,0.89
2024-04-19,39.71,40.13,39.64,39.94,273686,1090933254.39,0.49
2024-04-22,39.92,40.47,39.39,39.57,312519,1246349957.0,0.56
2024-04-23,39.38,39.55,38.67,39.15,286777,1119334123.64,0.51
2024-04-24,39.01,39.2,38.5,38.87,235063,910431121.73,0.42
2024-04-25,38.8,39.17,38.7,38.95,161404,628726438.2,0.29
2024-04-26,39.09,39.55,38.91,39.5,296995,1167130289.0,0.53
2024-04-29,39.56,40.96,39.1,40.51,525006,2114122810.06,0.94
2024-04-30,41.0,42.75,40.55,42.12,980636,4110016581.67,1.76
2024-05-06,42.6,43.73,42.31,43.41,754279,3246585020.89,1.35
2024-05-07,43.09,43.31,42.65,42.67,421694,1806835842.33,0.76
2024-05-08,42.63,42.84,42.15,42.2,301918,1280662523.81,0.54
2024-05-09,42.31,42.75,42.1,42.68,293784,1248872223.66,0.53
2024-05-10,42.7,43.36,42.67,43.22,396756,1710119174.74,0.71
2024-05-13,43.38,43.83,42.85,43.58,341803,1485770427.31,0.61
2024-05-14,43.55,43.57,42.24,42.64,395549,1689021332.64,0.71
2024-05-15,42.4,43.21,42.38,42.76,249568,1069075619.68,0.45
2024-05-16,42.7,42.74,42.16,42.34,316833,1343345296.88,0.57
2024-05-17,42.3,42.45,41.52,42.25,425708,1784032261.55,0.76
2024-05-20,42.33,42.71,41.72,41.88,375277,1574083945.81,0.67
2024-05-21,41.8,42.01,41.5,41.8,351661,1469636041.87,0.63
2024-05-22,41.85,41.86,41.41,41.56,256623,1068081497.34,0.46
2024-05-23,41.56,41.57,40.95,41.22,345157,1420892784.26,0.62
2024-05-24,41.0,41.48,40.9,41.17,230410,950667756.16,0.41
2024-05-27,41.13,42.13,41.06,41.92,397296,1659208522.29,0.71
2024-05-28,41.92,42.04,41.36,41.56,256027,1064316981.72,0.46
2024-05-29,41.5,41.74,41.18,41.18,256846,1061813315.39,0.46
2024-05-30,41.1,41.5,40.95,41.1,201416,830258144.7,0.36
2024-05-31,41.35,41.46,40.7,40.7,269973,1106477952.8,0.48
2024-06-03,40.73,41.7,40.62,41.48,313903,1298433922.15,0.56
2024-06-04,41.35,41.71,40.88,41.58,240686,996117848.34,0.43
2024-06-05,41.59,41.89,40.85,40.9,259017,1065750791.44,0.46
2024-06-06,40.78,41.85,40.76,41.51,401031,1661926702.2,0.72
2024-06-07,41.35,41.62,40.78,41.1,319127,1310109909.03,0.57
2024-06-11,40.95,41.29,40.08,40.57,375883,1523082825.22,0.67
2024-06-12,40.44,40.88,39.98,40.71,233907,946880583.03,0.42
2024-06-13,40.71,41.02,40.2,40.23,264388,1070999925.1,0.47
2024-06-14,40.24,40.95,40.09,40.93,316202,1285798634.84,0.57
2024-06-17,40.7,41.12,40.22,40.36,301089,1221575955.51,0.54
2024-06-18,40.25,40.5,40.0,40.41,189857,764353398.63,0.34
2024-06-19,40.31,40.35,39.47,39.98,291053,1162166294.6,0.52
2024-06-20,39.95,40.16,39.56,39.77,235288,937216434.76,0.42
2024-06-21,39.7,39.94,39.33,39.71,247595,981032643.34,0.44
2024-06-24,39.55,40.23,39.5,40.05,291104,1163397987.53,0.52
2024-06-25,39.95,40.86,39.82,40.43,284573,1148476815.38,0.51
2024-06-26,40.43,40.6,39.81,39.91,253622,1014654828.21,0.45
2024-06-27,39.77,39.91,38.91,39.48,373421,1467359869.52,0.67
2024-06-28,39.23,39.7,39.05,39.22,278755,1096024976.65,0.5
2024-07-01,39.02,39.5,38.75,38.9,275961,1075062388.23,0.5
2024-07-02,38.8,38.89,38.05,38.26,398884,1530319495.89,0.72
2024-07-03,38.23,38.46,38.02,38.13,244245,932290181.3,0.44
2024-07-04,38.15,38.7,37.82,38.02,370594,1415892842.92,0.67
2024-07-05,38.01,38.24,37.2,37.7,390273,1466749485.59,0.7
2024-07-08,37.67,38.0,37.43,37.95,272603,1031477101.79,0.49
2024-07-09,37.98,38.46,37.73,38.38,301847,1151948245.58,0.54
2024-07-10,38.38,38.55,37.66,37.88,295701,1123625131.84,0.53
2024-07-11,38.18,38.78,38.02,38.68,333476,1283249678.07,0.6
2024-07-12,38.5,39.05,38.38,38.87,336148,1302936693.62,0.6
2024-07-15,38.86,38.99,38.41,38.63,211502,818208130.35,0.38
2024-07-16,38.65,38.75,38.13,38.48,252866,970876291.74,0.45
2024-07-17,38.3,38.54,37.8,38.41,323609,1233750584.85,0.58
2024-07-18,38.23,39.41,38.11,39.36,424681,1654792999.72,0.76
2024-07-19,39.27,39.3,38.8,39.25,254267,994455937.67,0.46
2024-07-22,39.2,39.4,38.71,38.86,242172,942196727.48,0.44
2024-07-23,38.83,38.91,38.1,38.1,234763,899514232.09,0.42
2024-07-24,38.07,38.1,37.0,37.16,370313,1384293749.63,0.67
2024-07-25,37.08,37.57,36.74,37.39,265089,988651087.48,0.48
2024-07-26,38.99,39.93,38.9,39.83,938741,3707523769.09,1.69
2024-07-29,40.07,40.35,39.5,39.83,354714,1412188704.12,0.64
2024-07-30,39.7,39.72,38.66,38.99,374062,1458120881.24,0.67
2024-07-31,38.86,40.21,38.69,40.02,435185,1730900043.09,0.78
2024-08-01,39.82,40.97,39.82,40.62,426966,1734176628.38,0.77
2024-08-02,40.49,41.03,40.09,40.65,305269,1241507672.42,0.55
2024-08-05,40.6,41.79,40.55,41.11,614862,2544711757.97,1.11
2024-08-06,41.11,41.49,40.29,40.68,356468,1448654364.74,0.64
2024-08-07,40.58,40.7,40.06,40.47,261813,1058640608.41,0.47
2024-08-08,40.46,40.75,40.26,40.48,226216,917057128.15,0.41
2024-08-09,40.48,40.72,40.22,40.3,189369,765911250.74,0.34
2024-08-12,40.11,40.75,40.07,40.33,174851,706857997.49,0.32
2024-08-13,40.38,40.45,39.73,40.23,194762,779962114.67,0.35
2024-08-14,40.23,40.32,39.82,40.12,129686,520578959.78,0.23
2024-08-15,40.06,40.84,39.85,40.52,260145,1053634918.48,0.47
2024-08-16,40.65,41.15,40.45,41.02,235086,961449832.8,0.42
2024-08-19,40.82,41.39,40.41,40.74,249513,1016628361.34,0.45
2024-08-20,40.74,41.06,40.31,40.96,236226,964487997.15,0.43
2024-08-21,40.8,41.18,40.51,40.83,187463,765399524.25,0.34
2024-08-22,41.0,41.39,40.79,41.26,324861,1336132088.78,0.59
2024-08-23,41.27,42.18,41.12,42.04,457705,1916764127.43,0.83
2024-08-26,42.18,42.3,41.68,42.07,347870,1461531749.83,0.63
2024-08-27,42.03,42.03,41.63,41.77,314714,1314722788.29,0.57
2024-08-28,39.45,39.5,38.36,38.8,405557,1572103895.36,0.73
2024-08-29,38.79,39.45,38.78,38.81,277056,1081762732.06,0.5
2024-08-30,38.66,40.38,38.36,39.7,470828,1860482980.89,0.85
2024-09-02,39.8,40.58,39.61,40.05,432074,1734116870.28,0.78
2024-09-03,40.01,40.83,40.01,40.63,297735,1206841622.3,0.54
2024-09-04,40.52,40.9,40.23,40.53,251925,1022771809.75,0.45
2024-09-05,40.53,40.88,39.95,40.34,233588,940340084.61,0.42
2024-09-06,40.33,40.53,39.94,39.96,167399,673025196.08,0.3
2024-09-09,39.95,39.95,38.83,38.9,305816,1196141649.91,0.55
2024-09-10,38.9,39.28,38.82,39.0,169145,660565386.68,0.31
2024-09-11,38.86,39.58,38.56,39.09,234141,918150009.06,0.42
2024-09-12,39.02,39.24,38.28,38.66,288480,1115446812.36,0.52
2024-09-13,38.67,39.57,38.61,39.24,263329,1035043051.97,0.47
2024-09-18,39.27,40.57,39.19,40.52,351814,1416195925.31,0.63
2024-09-19,40.0,40.71,39.61,40.65,325759,1317774229.27,0.59
2024-09-20,40.7,41.2,40.52,41.07,318398,1302790830.6,0.57
2024-09-23,41.07,41.63,40.94,41.43,266905,1106013411.89,0.48
2024-09-24,41.85,41.85,40.6,41.48,526593,2169296117.03,0.95
2024-09-25,41.99,43.08,41.95,42.48,647684,2762994159.39,1.17
2024-09-26,42.7,44.4,42.45,44.38,601930,2616721643.95,1.09
2024-09-27,45.12,45.5,43.55,44.4,912502,4050941073.69,1.65
2024-09-30,45.51,48.12,45.5,47.94,1386869,6506594536.19,2.5
2024-10-08,52.73,52.73,49.21,51.5,1294674,6643599313.42,2.33
2024-10-09,50.45,50.45,46.85,47.93,1105212,5375039058.75,1.99
2024-10-10,48.17,50.43,48.17,49.65,735228,3643807844.4,1.33
2024-10-11,49.66,49.87,48.22,48.59,427100,2093846032.82,0.77
2024-10-14,48.66,50.38,48.66,49.84,538686,2675835906.34,0.97
2024-10-15,49.78,49.99,48.53,48.57,356013,1751669430.72,0.64
2024-10-16,47.98,48.06,46.88,47.47,454361,2159666387.64,0.82
2024-10-17,47.68,48.27,46.57,46.61,386123,1827620325.14,0.7
2024-10-18,46.49,47.98,46.24,47.3,470059,2210219452.41,0.85
2024-10-21,47.3,47.37,46.24,47.0,474467,2221273465.54,0.86
2024-10-22,46.98,48.44,46.8,47.78,422341,2016156144.29,0.77
2024-10-23,47.88,48.43,47.58,47.93,326939,1570175152.92,0.59
2024-10-24,47.66,47.93,47.21,47.38,194601,924132755.27,0.35
2024-10-25,47.3,47.38,46.8,46.99,261745,1230949489.75,0.47
2024-10-28,46.99,47.33,46.37,46.76,279107,1305473346.57,0.51
2024-10-29,46.81,47.34,46.51,46.59,282159,1320107682.45,0.51
2024-10-30,46.59,47.03,45.41,45.78,408391,1875972876.36,0.74
2024-10-31,44.5,44.7,43.08,43.5,1049915,4576391088.7,1.9
2024-11-01,43.5,43.95,43.2,43.52,542050,2362698224.43,0.98
2024-11-04,43.6,43.66,42.86,43.3,545477,2353259445.15,0.99
2024-11-05,43.3,43.97,42.82,43.9,631994,2749383594.95,1.15
2024-11-06,43.8,43.81,42.67,42.84,799865,3453068248.75,1.45
2024-11-07,42.66,44.26,42.53,44.26,799968,3479303735.49,1.45
2024-11-08,44.6,45.12,43.8,44.25,813827,3611196091.24,1.48
2024-11-11,43.92,43.94,43.17,43.75,566057,2461615709.46,1.03
2024-11-12,43.75,44.95,43.53,43.7,660718,2921160426.22,1.2
2024-11-13,43.57,44.22,43.5,43.92,453492,1989134112.88,0.82
2024-11-14,43.6,44.44,43.29,43.72,459934,2023483638.75,0.83
2024-11-15,43.65,43.86,42.89,43.12,424108,1839025066.11,0.77
2024-11-18,43.16,43.5,42.7,42.87,340397,1467672248.68,0.62
2024-11-19,42.87,43.06,42.51,42.93,291528,1248385921.13,0.53
2024-11-20,42.85,42.85,42.56,42.73,295771,1262410434.18,0.54
2024-11-21,42.66,42.69,42.0,42.31,396281,1672811222.25,0.72
2024-11-22,42.26,42.66,41.25,41.3,508145,2130305592.02,0.92
2024-11-25,41.3,41.77,40.8,40.97,423571,1743305566.99,0.77
2024-11-26,40.84,41.42,40.51,41.18,394506,1620126630.94,0.72
2024-11-27,41.29,42.09,41.16,42.09,432240,1803907214.19,0.78
2024-11-28,42.06,42.19,41.5,41.6,263825,1101489346.63,0.48
2024-11-29,41.61,42.21,41.51,42.08,346381,1455893214.21,0.63
2024-12-02,42.08,42.15,41.4,42.04,391868,1639135591.82,0.71
2024-12-03,41.92,42.4,41.85,42.35,348412,1469976470.93,0.63
2024-12-04,42.38,43.39,42.07,42.63,536984,2297996487.26,0.97
2024-12-05,42.65,43.05,42.23,42.32,304191,1292423428.1,0.55
2024-12-06,42.3,42.66,42.11,42.27,384860,1632092918.45,0.7
2024-12-09,42.28,42.63,41.61,42.35,353740,1494133323.01,0.64
2024-12-10,43.52,44.19,42.92,42.98,759261,3306086992.16,1.38
2024-12-11,42.92,43.6,42.81,43.31,326087,1413448882.67,0.59
2024-12-12,43.21,43.55,43.05,43.46,323960,1403211432.79,0.59
2024-12-13,43.31,43.4,42.75,43.0,435002,1872578613.23,0.79
2024-12-16,42.86,43.44,42.71,42.88,309204,1328674019.35,0.56
2024-12-17,42.86,43.53,42.76,43.0,334839,1447104375.62,0.61
2024-12-18,43.19,43.56,43.13,43.45,297198,1290565468.62,0.54
2024-12-19,43.3,43.99,43.17,43.65,434387,1898655823.01,0.79
2024-12-20,43.65,43.95,43.2,43.26,350966,1530168146.81,0.64
2024-12-23,43.32,44.7,43.31,44.49,693206,3069252490.8,1.26
2024-12-24,44.52,46.11,44.52,45.58,700826,3192368932.86,1.27
2024-12-25,45.75,45.99,45.21,45.44,400878,1828234471.23,0.73
2024-12-26,45.45,45.63,45.0,45.44,324527,1470693812.96,0.59
2024-12-27,45.44,45.62,44.61,45.06,379156,1704866921.53,0.69
2024-12-30,45.06,45.96,45.06,45.57,388822,1775014142.24,0.7
2024-12-31,45.6,45.95,45.23,45.45,424767,1937415745.53,0.77
2025-01-02,46.48,47.48,46.0,46.34,952532,4449784976.21,1.73
2025-01-03,46.38,47.32,45.6,45.74,527086,2436435046.42,0.96
2025-01-06,45.94,46.52,45.28,46.02,542128,2489906993.3,0.98
2025-01-07,45.81,46.36,45.1,45.65,444061,2032272814.6,0.8
2025-01-08,45.6,47.38,45.45,47.24,778213,3639432912.39,1.41
2025-01-09,47.3,47.65,46.71,47.5,454126,2148119227.07,0.82
2025-01-10,47.34,47.76,46.25,46.4,371613,1734493428.78,0.67
2025-01-13,45.8,45.97,44.69,44.9,421112,1903557018.62,0.76
2025-01-14,44.86,45.87,44.79,45.64,315822,1434156900.8,0.57
2025-01-15,45.52,46.84,45.46,46.09,328817,1521038271.39,0.6
2025-01-16,46.3,47.14,46.12,46.3,297938,1386882882.38,0.54
2025-01-17,46.15,46.39,45.54,46.0,245895,1131875331.99,0.45
2025-01-20,46.02,46.38,44.7,45.08,618773,2797125718.01,1.12
2025-01-21,45.38,45.4,44.62,44.76,300011,1345248908.11,0.54
2025-01-22,44.66,44.74,43.55,44.06,396856,1746974884.37,0.72
2025-01-23,44.25,44.82,44.1,44.27,375098,1667303256.59,0.68
2025-01-24,44.27,44.88,43.93,44.46,331517,1475277189.85,0.6
2025-01-27,44.47,45.27,44.47,44.89,283540,1274083766.08,0.51
2025-02-05,44.54,44.8,43.74,43.83,344665,1514802179.23,0.62
2025-02-06,43.87,44.04,43.33,43.64,343097,1495055072.32,0.62
2025-02-07,43.68,44.27,43.31,44.12,401399,1763199894.38,0.73
2025-02-10,44.12,44.24,43.65,43.88,305898,1341233006.29,0.55
2025-02-11,43.97,44.14,43.45,43.66,291797,1275546261.92,0.53
2025-02-12,43.65,43.88,43.33,43.76,270728,1178412798.74,0.49
2025-02-13,43.7,44.05,43.56,43.82,338051,1483436136.28,0.61
2025-02-14,43.7,44.27,43.7,43.99,281229,1238280266.68,0.51
2025-02-17,43.81,43.99,43.28,43.67,371431,1615024282.43,0.67
2025-02-18,43.5,43.59,42.93,43.03,430422,1859047194.44,0.78
2025-02-19,43.04,43.09,41.76,41.94,950387,3997869746.85,1.72
2025-02-20,41.85,41.98,41.33,41.85,624175,2599789535.85,1.13
2025-02-21,41.84,41.84,40.84,41.36,819511,3373474394.38,1.49
2025-02-24,41.16,41.58,40.9,41.27,537526,2218449804.74,0.97
2025-02-25,41.18,41.19,40.4,40.5,666442,2712820413.29,1.21
2025-02-26,40.5,41.06,40.5,40.92,489297,1995742497.18,0.89
2025-02-27,40.95,41.61,40.94,41.43,737997,3052301704.88,1.34
2025-02-28,41.38,41.87,40.81,40.85,613728,2531151570.6,1.11
2025-03-03,40.84,41.02,40.45,40.56,419939,1709210134.66,0.76
2025-03-04,41.95,42.45,41.58,41.69,1100128,4626447415.97,1.99
2025-03-05,41.73,42.2,41.44,42.06,519028,2176708623.25,0.94
2025-03-06,42.15,42.2,41.69,42.11,453774,1906837452.46,0.82
2025-03-07,41.99,42.22,41.74,41.86,314475,1317345207.53,0.57
2025-03-10,41.86,42.25,41.55,42.25,365831,1535238478.75,0.66
2025-03-11,41.9,42.51,41.86,42.35,348545,1469626137.52,0.63
2025-03-12,42.36,42.4,41.93,42.12,329320,1388249580.26,0.6
2025-03-13,42.1,42.92,42.02,42.53,507058,2161809154.67,0.92
2025-03-14,42.54,43.4,42.54,43.2,516622,2227574499.41,0.94
2025-03-17,43.3,43.57,43.08,43.3,355248,1537736632.7,0.64
2025-03-18,43.46,44.16,43.22,43.77,431629,1885623887.61,0.78
2025-03-19,43.85,43.9,43.33,43.61,293419,1278430688.84,0.53
2025-03-20,43.57,43.66,42.69,42.71,439162,1889067247.25,0.8
2025-03-21,42.79,43.86,42.79,43.74,708548,3087674416.31,1.28
2025-03-24,44.47,45.29,44.17,44.98,848866,3814449608.29,1.54
2025-03-25,44.96,45.6,44.9,45.16,536152,2424960662.97,0.97
2025-03-26,45.0,45.36,44.55,44.95,368421,1652034765.06,0.67
2025-03-27,44.99,45.42,44.8,45.19,297439,1342752242.93,0.54
2025-03-28,45.19,45.54,44.97,45.28,312834,1417042006.07,0.57
2025-03-31,45.35,46.23,45.2,45.46,438529,2009314133.41,0.79
2025-04-01,45.33,45.5,44.8,45.13,357329,1614126072.92,0.65
2025-04-02,45.13,46.0,45.0,45.17,316120,1435118537.24,0.57
2025-04-03,44.75,45.4,44.55,45.35,401416,1808260635.65,0.73
2025-04-07,43.2,44.68,42.2,43.3,927198,4030308608.24,1.68
2025-04-08,43.28,44.69,42.91,44.62,755973,3327610337.62,1.37
2025-04-09,44.17,45.2,43.83,44.87,551325,2462959792.35,1.0
2025-04-10,44.71,44.95,44.25,44.81,436562,1949505011.89,0.79
2025-04-11,44.6,45.12,44.13,45.1,304089,1361064692.91,0.55
2025-04-14,45.1,45.15,43.6,43.89,669546,2954928329.8,1.21
2025-04-15,43.89,44.97,43.56,44.86,517243,2304662178.47,0.94
2025-04-16,44.68,45.37,44.48,45.28,340481,1530820444.86,0.62
2025-04-17,45.13,45.13,44.62,44.98,202413,909520810.33,0.37
2025-04-18,44.87,45.5,44.73,45.3,225438,1019872405.31,0.41
2025-04-21,45.25,45.4,44.91,45.19,206954,934991605.6,0.38
2025-04-22,45.17,45.99,45.03,45.55,216665,986446708.18,0.39
2025-04-23,45.7,45.75,45.15,45.29,221352,1006597595.89,0.4
2025-04-24,45.29,45.54,45.0,45.4,204351,925443213.38,0.37
2025-04-25,45.31,45.53,45.09,45.22,233137,1054750380.16,0.42
2025-04-28,46.81,47.3,46.25,46.55,863704,4046000946.33,1.57
2025-04-29,46.73,46.85,45.85,46.27,337779,1560746362.08,0.61
2025-04-30,46.35,46.4,45.52,45.56,330523,1514036455.28,0.6
2025-05-06,45.89,46.06,45.31,45.47,391608,1783798632.05,0.71
2025-05-07,45.98,46.35,45.8,46.1,406180,1872997541.48,0.74
2025-05-08,46.19,46.65,46.11,46.52,267160,1241304184.67,0.48
2025-05-09,46.68,47.18,46.53,47.0,317424,1492819464.22,0.58
2025-05-12,47.18,47.3,46.78,46.9,335059,1572471336.23,0.61
2025-05-13,47.0,47.14,46.81,46.98,248680,1167331549.08,0.45
2025-05-14,47.0,47.22,46.64,46.9,331514,1555756469.85,0.6
2025-05-15,46.07,46.27,45.75,46.2,288515,1328591251.69,0.52
2025-05-16,46.21,46.31,45.45,45.58,310925,1419612106.33,0.56
2025-05-19,45.7,45.88,45.48,45.71,220715,1008131233.62,0.4
2025-05-20,45.75,47.0,45.68,47.0,470337,2189829257.24,0.85
2025-05-21,46.9,47.27,46.75,46.87,211477,993620021.44,0.38
2025-05-22,46.88,47.31,46.88,47.08,228984,1077781757.85,0.42
2025-05-23,47.01,47.43,46.45,46.56,327489,1536083929.63,0.59
2025-05-26,46.57,46.7,45.88,46.04,257221,1186480283.95,0.47
2025-05-27,46.05,46.5,46.05,46.18,178543,826245233.47,0.32
2025-05-28,46.36,46.76,45.93,46.68,231387,1075443860.45,0.42
2025-05-29,46.6,46.79,46.0,46.06,352637,1628706117.38,0.64
2025-05-30,46.07,46.54,45.86,46.42,318707,1474547578.72,0.58
2025-06-03,46.23,46.34,44.8,44.98,733643,3314112394.39,1.33
2025-06-04,45.05,45.59,44.99,45.32,305373,1382826199.9,0.55
2025-06-05,45.38,45.5,44.83,44.94,356489,1603307535.71,0.65
2025-06-06,45.03,45.08,44.85,44.87,222152,998633300.75,0.4
2025-06-09,45.0,45.15,44.65,44.82,274460,1229052587.23,0.5
2025-06-10,44.82,45.07,44.56,44.65,339236,1518074752.59,0.61
2025-06-11,44.62,44.94,44.55,44.77,226642,1014722777.29,0.41
2025-06-12,44.89,44.99,44.54,44.86,270084,1208650694.23,0.49
2025-06-13,44.71,45.04,44.65,44.92,352205,1579504548.92,0.64
2025-06-16,44.92,45.15,44.58,44.6,304698,1363049192.42,0.55
2025-06-17,44.61,44.72,44.34,44.45,256593,1142203684.37,0.47
2025-06-18,44.49,44.85,44.4,44.48,212106,945371391.5,0.38
2025-06-19,44.46,44.54,44.04,44.08,275096,1216983698.06,0.5
2025-06-20,44.08,44.66,44.03,44.64,248254,1104057155.65,0.45
2025-06-23,44.6,44.72,44.2,44.42,290724,1290335717.35,0.53
2025-06-24,44.49,45.0,44.49,44.9,298954,1341941176.66,0.54
2025-06-25,44.93,45.49,44.77,45.37,303185,1369156251.82,0.55
2025-06-26,45.52,45.79,45.37,45.5,252527,1151071481.6,0.46
2025-06-27,45.57,45.92,45.13,45.22,323097,1471819551.87,0.59
2025-06-30,45.23,45.54,44.87,44.92,321622,1448606965.11,0.58
2025-07-01,45.05,45.48,44.85,45.45,242454,1096683969.49,0.44
2025-07-02,45.55,46.72,45.49,46.41,542096,2510495844.25,0.98
2025-07-03,46.6,46.67,46.25,46.53,217130,1009129138.36,0.39
2025-07-04,46.53,46.84,46.3,46.74,196170,915277878.05,0.36
2025-07-07,46.9,46.94,46.38,46.49,189802,883494027.23,0.34
2025-07-08,46.49,46.92,46.38,46.6,256018,1195231042.7,0.46
2025-07-09,46.62,46.68,46.11,46.2,274919,1275124560.98,0.5
2025-07-10,46.2,46.52,45.95,46.34,209383,968829195.98,0.38
2025-07-11,46.5,47.15,46.45,46.95,318348,1494825588.96,0.58
2025-07-14,47.14,47.68,47.02,47.25,305755,1449274849.16,0.55
2025-07-15,47.37,48.09,47.15,47.95,397741,1899605093.28,0.72
2025-07-16,48.09,48.09,47.34,47.48,279249,1328279571.9,0.51
2025-07-17,47.48,48.05,47.4,47.56,225690,1076853663.54,0.41
2025-07-18,47.8,47.9,47.54,47.88,210739,1005963291.19,0.38
2025-07-21,47.89,48.08,47.39,47.55,269500,1283868233.61,0.49
2025-07-22,47.53,47.92,47.44,47.89,299742,1429157495.64,0.54
2025-07-23,47.94,48.47,47.92,48.15,263583,1271321139.2,0.48
2025-07-24,48.18,48.24,47.63,47.79,316143,1511025338.84,0.57
2025-07-25,46.5,47.59,46.5,46.8,621993,2915516401.97,1.13
2025-07-28,46.94,47.1,46.59,46.63,382201,1787484712.11,0.69
2025-07-29,46.65,46.78,46.01,46.12,427601,1977627238.02,0.78
2025-07-30,46.14,46.66,46.04,46.37,320217,1485063024.43,0.58
2025-07-31,46.38,46.4,45.5,45.62,447717,2048763765.2,0.81
2025-08-01,45.72,46.05,45.63,45.89,234001,1072991265.3,0.42
2025-08-04,45.88,46.25,45.75,46.12,210786,970597561.21,0.38
2025-08-05,46.15,46.79,45.93,46.72,277894,1292384736.85,0.5
2025-08-06,46.82,46.98,46.61,46.9,255528,1195891318.84,0.46
2025-08-07,46.8,47.15,46.67,47.0,264711,1242505458.68,0.48
2025-08-08,47.04,47.61,46.9,47.44,280780,1330702727.67,0.51
2025-08-11,47.44,47.55,47.06,47.23,244309,1153959693.59,0.44
2025-08-12,47.3,48.3,47.19,47.88,450653,2161625921.5,0.82
2025-08-13,48.0,48.12,47.64,47.73,272882,1304027200.28,0.49
2025-08-14,47.79,48.24,47.7,47.7,302763,1452267997.11,0.55
2025-08-15,47.67,47.82,47.23,47.79,351231,1670821115.15,0.64
2025-08-18,47.79,48.25,47.51,47.65,370442,1768894377.57,0.67
2025-08-19,47.78,48.15,46.85,47.06,634121,2990236717.02,1.15
2025-08-20,46.8,47.19,46.58,47.18,469446,2203682930.62,0.85
2025-08-21,46.91,47.05,46.06,46.64,765658,3568330417.04,1.39
2025-08-22,46.98,47.19,46.53,47.11,816583,3829295315.37,1.48
2025-08-25,47.25,48.1,47.1,48.1,762382,3634953483.93,1.38
2025-08-26,48.0,48.23,47.72,48.04,508961,2443015424.57,0.92
2025-08-27,48.06,48.35,47.23,47.24,693532,3313272437.53,1.26
2025-08-28,47.24,47.7,46.94,47.25,697028,3292087078.87,1.26
2025-08-29,43.38,43.38,42.11,42.6,2541970,10860336786.73,4.61
2025-09-01,42.59,42.59,41.35,41.41,1615705,6741851463.68,2.93
2025-09-02,41.25,41.85,41.11,41.52,855871,3550285585.35,1.55
2025-09-03,42.25,42.46,41.5,41.54,822526,3434722120.24,1.49
2025-09-04,41.5,41.55,41.0,41.19,703630,2900310235.78,1.28
2025-09-05,41.15,41.4,41.01,41.36,643465,2650536771.38,1.17
2025-09-08,41.5,41.72,41.27,41.42,627318,2600069326.09,1.14
2025-09-09,41.44,41.67,41.26,41.34,666714,2763193802.57,1.21
2025-09-10,41.32,41.37,41.11,41.16,491112,2023251595.18,0.89
2025-09-11,41.17,41.39,41.01,41.37,528172,2173796449.42,0.96
2025-09-12,41.38,41.45,41.02,41.05,660884,2722505542.17,1.2
2025-09-15,41.04,41.05,40.68,40.94,492795,2012642285.55,0.89
2025-09-16,40.89,40.89,40.5,40.5,555725,2256583688.22,1.01
2025-09-17,40.46,40.83,40.37,40.79,525926,2136326500.16,0.95
2025-09-18,40.7,40.87,40.08,40.21,580312,2346320115.66,1.05
2025-09-19,40.11,40.46,40.01,40.44,393409,1583195857.42,0.71
2025-09-22,40.3,40.33,39.7,39.83,582027,2322154502.55,1.06
2025-09-23,39.8,40.03,39.46,39.64,434244,1723357527.68,0.79
2025-09-24,39.65,40.04,39.43,39.99,363780,1448981726.18,0.66
2025-09-25,39.88,39.9,39.45,39.5,468991,1857372585.9,0.85
2025-09-26,39.51,40.05,39.3,39.85,450108,1788343094.03,0.82
2025-09-29,39.85,40.05,39.45,39.94,410191,1628579197.56,0.74
2025-09-30,39.96,40.0,39.66,39.72,395376,1572376370.71,0.72
2025-10-09,39.73,40.38,39.4,40.38,638098,2543021330.39,1.16
2025-10-10,40.18,40.84,40.03,40.41,609576,2469698374.82,1.11
2025-10-13,39.8,40.6,39.59,40.45,565693,2268779182.34,1.03
2025-10-14,40.45,40.79,40.1,40.58,557711,2261968772.13,1.01
2025-10-15,40.65,40.95,40.45,40.82,438870,1790310725.0,0.8
2025-10-16,40.82,40.94,40.6,40.77,397469,1618938797.93,0.72
2025-10-17,40.73,41.05,40.17,40.22,451804,1833060233.3,0.82
2025-10-20,40.36,40.78,40.23,40.77,394715,1600009493.98,0.72
2025-10-21,40.77,40.86,40.45,40.69,354372,1442346028.69,0.64
2025-10-22,40.58,40.81,40.52,40.57,307743,1250401262.79,0.56
2025-10-23,40.55,40.64,40.21,40.53,331124,1338043367.73,0.6
2025-10-24,40.53,40.75,40.44,40.5,292380,1185827906.75,0.53
2025-10-27,40.53,41.14,40.51,40.97,616525,2522404577.96,1.12
2025-10-28,40.97,41.15,40.67,40.72,338061,1378729084.29,0.61
2025-10-29,40.72,40.72,40.52,40.69,287433,1167340749.79,0.52
2025-10-30,40.61,40.79,40.41,40.47,439596,1782629301.46,0.8
2025-10-31,39.79,40.03,39.52,39.75,921556,3666645833.78,1.67
2025-11-03,39.65,39.84,39.2,39.52,613444,2416098282.38,1.11
2025-11-04,39.5,39.92,39.41,39.71,398198,1581033854.81,0.72
2025-11-05,39.55,39.88,39.45,39.72,281070,1116210035.89,0.51
2025-11-06,39.71,40.05,39.65,39.99,347531,1387911304.43,0.63
2025-11-07,39.95,40.08,39.88,40.02,244832,979334368.22,0.44
2025-11-10,40.1,40.88,40.09,40.86,640991,2605209450.28,1.16
2025-11-11,40.9,41.09,40.75,40.92,468453,1916064153.9,0.85
2025-11-12,40.93,41.35,40.93,41.15,580158,2389716804.24,1.05
2025-11-13,41.15,41.32,40.75,41.0,441638,1807279174.95,0.8
2025-11-14,40.87,41.13,40.61,40.62,351223,1433919234.73,0.64
2025-11-17,40.62,40.62,40.06,40.19,366440,1474977098.88,0.66
2025-11-18,40.19,40.46,40.05,40.11,265683,1069136101.82,0.48
2025-11-19,40.1,40.29,40.0,40.16,218006,875626449.96,0.4
2025-11-20,40.18,40.64,40.06,40.35,332902,1345880532.39,0.6
2025-11-21,40.18,40.72,39.97,40.25,550949,2218464826.02,1.0
2025-11-24,40.26,40.42,40.01,40.11,355301,1427143468.85,0.64
2025-11-25,40.16,40.2,39.72,40.07,413435,1650903639.94,0.75
2025-11-26,40.07,40.38,40.02,40.33,319655,1285253244.3,0.58
2025-11-27,40.25,40.48,40.04,40.33,295930,1191840274.82,0.54
2025-11-28,40.28,40.39,40.11,40.36,204371,823012373.69,0.37
2025-12-01,40.42,40.85,40.32,40.85,408828,1662495213.01,0.74
2025-12-02,40.85,41.06,40.66,40.9,320498,1309293683.23,0.58
2025-12-03,40.85,41.15,40.76,40.81,371873,1524469882.62,0.67
2025-12-04,40.78,41.17,40.7,40.94,264627,1084266565.49,0.48
2025-12-05,40.94,41.09,40.65,40.87,274382,1120758570.55,0.5
2025-12-08,40.88,41.05,40.62,40.68,328105,1338254292.78,0.59
2025-12-09,40.72,40.84,40.3,40.35,292293,1183740572.54,0.53
2025-12-10,40.3,40.51,40.15,40.37,234071,943766095.52,0.42
