date,cash,holdings,total_value,stock_values,cumulative_return,running_max,drawdown
2022-01-07,200000.0,"{'600900': 10600, '601088': 15500, '600985': 25100, '600079': 8500}",996257.0,"{'600900': np.float64(198538.0), '601088': np.float64(199950.0), '600985': np.float64(199294.0), '600079': np.float64(198475.0)}",1.0,1.0,0.0
2022-01-14,200000.0,"{'600900': 10600, '601088': 15500, '600985': 25100, '600079': 8500}",999297.0,"{'600900': np.float64(201612.0), '601088': np.float64(200105.0), '600985': np.float64(205819.99999999997), '600079': np.float64(191760.0)}",1.0030514214705644,1.0030514214705644,0.0
2022-01-21,200000.0,"{'600900': 10600, '601088': 15500, '600985': 25100, '600079': 8500}",1032255.0,"{'600900': np.float64(207230.0), '601088': np.float64(223200.0), '600985': np.float64(222135.0), '600079': np.float64(179690.0)}",1.0361332467425575,1.0361332467425575,0.0
2022-01-28,200000.0,"{'600900': 10600, '601088': 15500, '600985': 25100, '600079': 8500}",949799.0,"{'600900': np.float64(195993.99999999997), '601088': np.float64(200415.0), '600985': np.float64(194525.0), '600079': np.float64(158865.0)}",0.9533674543817509,1.0361332467425575,-0.07987948714222756
2022-02-04,200000.0,"{'600900': 10600, '601088': 15500, '600985': 25100, '600079': 8500}",949799.0,"{'600900': np.float64(195993.99999999997), '601088': np.float64(200415.0), '600985': np.float64(194525.0), '600079': np.float64(158865.0)}",0.9533674543817509,1.0361332467425575,-0.07987948714222756
2022-02-11,200000.0,"{'600900': 10600, '601088': 15500, '600985': 25100, '600079': 8500}",1057227.0,"{'600900': np.float64(215286.0), '601088': np.float64(255750.0), '600985': np.float64(232426.0), '600079': np.float64(153765.0)}",1.061199068111943,1.061199068111943,0.0
2022-02-18,200000.0,"{'600900': 10600, '601088': 15500, '600985': 25100, '600079': 8500}",1059666.0,"{'600900': np.float64(209880.0), '601088': np.float64(250790.0), '600985': np.float64(244976.0), '600079': np.float64(154020.0)}",1.0636472315878334,1.0636472315878334,0.0
2022-02-25,200000.0,"{'600900': 10600, '601088': 15500, '600985': 25100, '600079': 8500}",1023523.0,"{'600900': np.float64(204792.0), '601088': np.float64(231880.0), '600985': np.float64(233681.0), '600079': np.float64(153170.0)}",1.0273684400711864,1.0636472315878334,-0.0341079170229111
2022-03-04,200000.0,"{'600900': 10600, '601088': 15500, '600985': 25100, '600079': 8500}",1099792.0,"{'600900': np.float64(217512.0), '601088': np.float64(272955.0), '600985': np.float64(263550.0), '600079': np.float64(145775.0)}",1.103923987485157,1.103923987485157,0.0
2022-03-11,200000.0,"{'600900': 10600, '601088': 15500, '600985': 25100, '600079': 8500}",1075588.0,"{'600900': np.float64(203202.00000000003), '601088': np.float64(267995.0), '600985': np.float64(263801.0), '600079': np.float64(140590.0)}",1.0796290515399138,1.103923987485157,-0.022007797838136736
2022-03-18,200000.0,"{'600900': 10600, '601088': 15500, '600985': 25100, '600079': 8500}",1034381.0,"{'600900': np.float64(194510.00000000003), '601088': np.float64(239010.0), '600985': np.float64(261291.0), '600079': np.float64(139570.0)}",1.038267234257827,1.103923987485157,-0.05947579178608328
2022-03-25,200000.0,"{'600900': 10600, '601088': 15500, '600985': 25100, '600079': 8500}",1065506.0,"{'600900': np.float64(189528.0), '601088': np.float64(272335.0), '600985': np.float64(268068.0), '600079': np.float64(135575.0)}",1.0695091728339174,1.103923987485157,-0.031174985815499597
2022-04-01,200000.0,"{'600900': 10600, '601088': 15500, '600985': 25100, '600079': 8500}",1156742.0,"{'600900': np.float64(199174.0), '601088': np.float64(308760.0), '600985': np.float64(319523.0), '600079': np.float64(129285.0)}",1.1610879522051036,1.1610879522051036,0.0
2022-04-08,200000.0,"{'600900': 10600, '601088': 15500, '600985': 25100, '600079': 8500}",1178247.0,"{'600900': np.float64(209562.0), '601088': np.float64(324880.0), '600985': np.float64(318770.0), '600079': np.float64(125035.0)}",1.1826737478381582,1.1826737478381582,0.0
2022-04-15,200000.0,"{'600900': 10600, '601088': 15500, '600985': 25100, '600079': 8500}",1177333.0,"{'600900': np.float64(211682.0), '601088': np.float64(332010.0), '600985': np.float64(316511.0), '600079': np.float64(117130.0)}",1.1817563138828635,1.1826737478381582,-0.0007757286884668295
2022-04-22,200000.0,"{'600900': 10600, '601088': 15500, '600985': 25100, '600079': 8500}",1123530.0,"{'600900': np.float64(214756.00000000003), '601088': np.float64(311240.0), '600985': np.float64(283379.0), '600079': np.float64(114155.0)}",1.1277511726391884,1.1826737478381582,-0.04643932893527415
2022-04-29,200000.0,"{'600900': 10600, '601088': 15500, '600985': 25100, '600079': 8500}",1124372.0,"{'600900': np.float64(204474.0), '601088': np.float64(328135.0), '600985': np.float64(266813.0), '600079': np.float64(124950.0)}",1.1285963360859699,1.1826737478381582,-0.04572470797718971
2022-05-06,200000.0,"{'600900': 10600, '601088': 15500, '600985': 25100, '600079': 8500}",1118049.0,"{'600900': np.float64(204474.0), '601088': np.float64(319765.0), '600985': np.float64(261040.0), '600079': np.float64(132770.0)}",1.1222495801786085,1.1826737478381582,-0.05109115491064261
2022-05-13,200000.0,"{'600900': 10600, '601088': 15500, '600985': 25100, '600079': 8500}",1129248.0,"{'600900': np.float64(209880.0), '601088': np.float64(328445.0), '600985': np.float64(255518.0), '600079': np.float64(135405.0)}",1.1334906555236248,1.1826737478381582,-0.041586356680729956
2022-05-20,200000.0,"{'600900': 10600, '601088': 15500, '600985': 25100, '600079': 8500}",1176447.0,"{'600900': np.float64(210622.0), '601088': np.float64(352470.0), '600985': np.float64(277355.0), '600079': np.float64(136000.0)}",1.1808669851253242,1.1826737478381582,-0.0015276932595625862
2022-05-27,200000.0,"{'600900': 10600, '601088': 15500, '600985': 25100, '600079': 8500}",1240424.0,"{'600900': np.float64(215074.0), '601088': np.float64(385640.0), '600985': np.float64(303710.0), '600079': np.float64(136000.0)}",1.2450843507247629,1.2450843507247629,0.0
2022-06-03,200000.0,"{'600900': 10600, '601088': 15500, '600985': 25100, '600079': 8500}",1205894.0,"{'600900': np.float64(217193.99999999997), '601088': np.float64(365490.0), '600985': np.float64(293670.0), '600079': np.float64(129540.0)}",1.210424619350228,1.2450843507247629,-0.02783725564806876
2022-06-10,200000.0,"{'600900': 10600, '601088': 15500, '600985': 25100, '600079': 8500}",1255829.0,"{'600900': np.float64(218254.0), '601088': np.float64(390600.0), '600985': np.float64(322535.0), '600079': np.float64(124440.0)}",1.2605472282754349,1.2605472282754349,0.0
2022-06-17,200000.0,"{'600900': 10600, '601088': 15500, '600985': 25100, '600079': 8500}",1198562.0,"{'600900': np.float64(213802.00000000003), '601088': np.float64(355725.0), '600985': np.float64(296180.0), '600079': np.float64(132855.0)}",1.2030650725666168,1.2605472282754349,-0.045600953633018505
2022-06-24,200000.0,"{'600900': 10600, '601088': 15500, '600985': 25100, '600079': 8500}",1151580.0,"{'600900': np.float64(211364.0), '601088': np.float64(334645.0), '600985': np.float64(275096.0), '600079': np.float64(130475.0)}",1.1559065582475205,1.2605472282754349,-0.08301209798467774
2022-07-01,200000.0,"{'600900': 10600, '601088': 15500, '600985': 25100, '600079': 8500}",1211357.0,"{'600900': np.float64(221434.0), '601088': np.float64(364405.0), '600985': np.float64(298188.0), '600079': np.float64(127330.0)}",1.2159081441836794,1.2605472282754349,-0.03541246459510013
2022-07-08,200000.0,"{'600900': 10600, '601088': 15500, '600985': 25100, '600079': 8500}",1203289.0,"{'600900': np.float64(220162.0), '601088': np.float64(369520.0), '600985': np.float64(282877.0), '600079': np.float64(130730.0)}",1.2078098322019317,1.2605472282754349,-0.04183690613929127
2022-07-15,200000.0,"{'600900': 10600, '601088': 15500, '600985': 25100, '600079': 8500}",1176015.0,"{'600900': np.float64(221222.0), '601088': np.float64(351540.0), '600985': np.float64(260538.00000000003), '600079': np.float64(142715.0)}",1.180433362074244,1.2605472282754349,-0.06355483111156043
2022-07-22,200000.0,"{'600900': 10600, '601088': 15500, '600985': 25100, '600079': 8500}",1160400.0,"{'600900': np.float64(228006.00000000003), '601088': np.float64(329685.0), '600985': np.float64(252003.99999999997), '600079': np.float64(150705.0)}",1.1647596955404078,1.2605472282754349,-0.07598884880027444
2022-07-29,200000.0,"{'600900': 10600, '601088': 15500, '600985': 25100, '600079': 8500}",1149890.0,"{'600900': np.float64(225356.00000000003), '601088': np.float64(325965.0), '600985': np.float64(255769.0), '600079': np.float64(142800.0)}",1.1542102088115818,1.2605472282754349,-0.08435782260164394
2022-08-05,200000.0,"{'600900': 10600, '601088': 15500, '600985': 25100, '600079': 8500}",1160304.0,"{'600900': np.float64(227476.0), '601088': np.float64(313410.0), '600985': np.float64(254263.00000000003), '600079': np.float64(165155.0)}",1.1646633348623898,1.2605472282754349,-0.0760652923288123
2022-08-12,200000.0,"{'600900': 10600, '601088': 15500, '600985': 25100, '600079': 8500}",1217239.0,"{'600900': np.float64(229066.0), '601088': np.float64(338985.0), '600985': np.float64(274343.0), '600079': np.float64(174845.0)}",1.2218122432263965,1.2605472282754349,-0.03072870589865327
2022-08-19,200000.0,"{'600900': 10600, '601088': 15500, '600985': 25100, '600079': 8500}",1227382.0,"{'600900': np.float64(222282.0), '601088': np.float64(350765.0), '600985': np.float64(287395.0), '600079': np.float64(166940.0)}",1.2319933511132168,1.2605472282754349,-0.02265196933658949
2022-08-26,200000.0,"{'600900': 10600, '601088': 15500, '600985': 25100, '600079': 8500}",1261256.0,"{'600900': np.float64(220162.0), '601088': np.float64(374945.0), '600985': np.float64(303459.0), '600079': np.float64(162690.0)}",1.26599461785463,1.26599461785463,0.0
2022-09-02,200000.0,"{'600900': 10600, '601088': 15500, '600985': 25100, '600079': 8500}",1239610.0,"{'600900': np.float64(224720.0), '601088': np.float64(365645.0), '600985': np.float64(297435.0), '600079': np.float64(151810.0)}",1.2442672924757368,1.26599461785463,-0.0171622573054162
2022-09-09,200000.0,"{'600900': 10600, '601088': 15500, '600985': 25100, '600079': 8500}",1300470.0,"{'600900': np.float64(225674.0), '601088': np.float64(397730.0), '600985': np.float64(327806.0), '600079': np.float64(149260.0)}",1.3053559473107843,1.3053559473107843,0.0
2022-09-16,200000.0,"{'600900': 10600, '601088': 15500, '600985': 25100, '600079': 8500}",1227994.0,"{'600900': np.float64(220904.0), '601088': np.float64(370295.0), '600985': np.float64(299945.0), '600079': np.float64(136850.0)}",1.2326076504355803,1.3053559473107843,-0.05573062046798474
2022-09-23,200000.0,"{'600900': 10600, '601088': 15500, '600985': 25100, '600079': 8500}",1245014.0,"{'600900': np.float64(219526.0), '601088': np.float64(373705.0), '600985': np.float64(319523.0), '600079': np.float64(132260.0)}",1.2496915956424899,1.3053559473107843,-0.042643044437780185
2022-09-30,200000.0,"{'600900': 10600, '601088': 15500, '600985': 25100, '600079': 8500}",1289222.0,"{'600900': np.float64(213272.0), '601088': np.float64(380835.0), '600985': np.float64(352655.0), '600079': np.float64(142460.0)}",1.2940656878696963,1.3053559473107843,-0.008649180680830757
2022-10-07,200000.0,"{'600900': 10600, '601088': 15500, '600985': 25100, '600079': 8500}",1289222.0,"{'600900': np.float64(213272.0), '601088': np.float64(380835.0), '600985': np.float64(352655.0), '600079': np.float64(142460.0)}",1.2940656878696963,1.3053559473107843,-0.008649180680830757
2022-10-14,200000.0,"{'600900': 10600, '601088': 15500, '600985': 25100, '600079': 8500}",1291879.0,"{'600900': np.float64(215604.0), '601088': np.float64(379285.0), '600985': np.float64(336340.0), '600079': np.float64(160650.0)}",1.296732670385252,1.3053559473107843,-0.006606073188924052
2022-10-21,200000.0,"{'600900': 10600, '601088': 15500, '600985': 25100, '600079': 8500}",1272178.0,"{'600900': np.float64(209774.0), '601088': np.float64(368125.0), '600985': np.float64(319774.0), '600079': np.float64(174505.0)}",1.2769576524932824,1.3053559473107843,-0.021755211577352787
2022-10-28,200000.0,"{'600900': 10600, '601088': 15500, '600985': 25100, '600079': 8500}",1167434.0,"{'600900': np.float64(191436.0), '601088': np.float64(345495.0), '600985': np.float64(268068.0), '600079': np.float64(162435.0)}",1.1718201227193386,1.3053559473107843,-0.1022983998092997
2022-11-04,200000.0,"{'600900': 10600, '601088': 15500, '600985': 25100, '600079': 8500}",1171062.0,"{'600900': np.float64(185712.0), '601088': np.float64(351385.0), '600985': np.float64(274845.0), '600079': np.float64(159120.0)}",1.175461753342762,1.3053559473107843,-0.09950863918429487
2022-11-11,200000.0,"{'600900': 10600, '601088': 15500, '600985': 25100, '600079': 8500}",1194019.0,"{'600900': np.float64(188997.99999999997), '601088': np.float64(353090.0), '600985': np.float64(288901.0), '600079': np.float64(163030.0)}",1.198505004230836,1.3053559473107843,-0.08185579059878352
2022-11-18,200000.0,"{'600900': 10600, '601088': 15500, '600985': 25100, '600079': 8500}",1181008.0,"{'600900': np.float64(195358.0), '601088': np.float64(328755.0), '600985': np.float64(276100.0), '600079': np.float64(180795.0)}",1.1854451210882333,1.3053559473107843,-0.09186063500119188
2022-11-25,200000.0,"{'600900': 10600, '601088': 15500, '600985': 25100, '600079': 8500}",1221116.0,"{'600900': np.float64(203414.0), '601088': np.float64(359445.0), '600985': np.float64(286642.0), '600079': np.float64(171615.0)}",1.2257038093584287,1.3053559473107843,-0.0610194775734926
2022-12-02,200000.0,"{'600900': 10600, '601088': 15500, '600985': 25100, '600079': 8500}",1215457.0,"{'600900': np.float64(198750.0), '601088': np.float64(345960.0), '600985': np.float64(281622.0), '600079': np.float64(189125.0)}",1.2200235481406907,1.3053559473107843,-0.06537098126062112
2022-12-09,200000.0,"{'600900': 10600, '601088': 15500, '600985': 25100, '600079': 8500}",1208043.0,"{'600900': np.float64(193980.0), '601088': np.float64(341620.0), '600985': np.float64(281873.0), '600079': np.float64(190570.0)}",1.2125816932779394,1.3053559473107843,-0.07107199704722135
2022-12-16,200000.0,"{'600900': 10600, '601088': 15500, '600985': 25100, '600079': 8500}",1193949.0,"{'600900': np.float64(193343.99999999997), '601088': np.float64(333405.0), '600985': np.float64(274845.0), '600079': np.float64(192355.0)}",1.198434741236448,1.3053559473107843,-0.08190961729220979
2022-12-23,200000.0,"{'600900': 10600, '601088': 15500, '600985': 25100, '600079': 8500}",1154440.0,"{'600900': np.float64(188574.0), '601088': np.float64(319300.0), '600985': np.float64(257526.0), '600079': np.float64(189040.0)}",1.1587773034468014,1.3053559473107843,-0.11229017201473314
2022-12-30,200000.0,"{'600900': 10600, '601088': 15500, '600985': 25100, '600079': 8500}",1160873.0,"{'600900': np.float64(194828.0), '601088': np.float64(318525.0), '600985': np.float64(251000.0), '600079': np.float64(196520.0)}",1.165234472631058,1.3053559473107843,-0.10734349888886337
2023-01-06,200000.0,"{'600900': 10600, '601088': 15500, '600985': 25100, '600079': 8500}",1163986.0,"{'600900': np.float64(193662.0), '601088': np.float64(318525.0), '600985': np.float64(254514.0), '600079': np.float64(197285.0)}",1.1683591683671983,1.3053559473107843,-0.1049497489369229
2023-01-13,200000.0,"{'600900': 10600, '601088': 15500, '600985': 25100, '600079': 8500}",1210222.0,"{'600900': np.float64(194086.0), '601088': np.float64(339605.0), '600985': np.float64(260036.0), '600079': np.float64(216495.0)}",1.2147688799175314,1.3053559473107843,-0.0693964489761394
2023-01-20,200000.0,"{'600900': 10600, '601088': 15500, '600985': 25100, '600079': 8500}",1233697.0,"{'600900': np.float64(195146.0), '601088': np.float64(335420.0), '600985': np.float64(276351.0), '600079': np.float64(226780.0)}",1.2383320769640764,1.3053559473107843,-0.05134528285927406
2023-01-27,200000.0,"{'600900': 10600, '601088': 15500, '600985': 25100, '600079': 8500}",1233697.0,"{'600900': np.float64(195146.0), '601088': np.float64(335420.0), '600985': np.float64(276351.0), '600079': np.float64(226780.0)}",1.2383320769640764,1.3053559473107843,-0.05134528285927406
2023-02-03,200000.0,"{'600900': 10600, '601088': 15500, '600985': 25100, '600079': 8500}",1205464.0,"{'600900': np.float64(193980.0), '601088': np.float64(328290.0), '600985': np.float64(263299.0), '600079': np.float64(219895.0)}",1.2099930038132731,1.3053559473107843,-0.07305512622359607
2023-02-10,200000.0,"{'600900': 10600, '601088': 15500, '600985': 25100, '600079': 8500}",1184785.0,"{'600900': np.float64(197054.0), '601088': np.float64(319765.0), '600985': np.float64(258781.0), '600079': np.float64(209185.0)}",1.1892363115139968,1.3053559473107843,-0.08895630041446564
2023-02-17,200000.0,"{'600900': 10600, '601088': 15500, '600985': 25100, '600079': 8500}",1170611.0,"{'600900': np.float64(192284.0), '601088': np.float64(309380.0), '600985': np.float64(266562.0), '600079': np.float64(202385.0)}",1.1750090589074906,1.3053559473107843,-0.09985543688051253
2023-02-24,200000.0,"{'600900': 10600, '601088': 15500, '600985': 25100, '600079': 8500}",1224883.0,"{'600900': np.float64(195039.99999999997), '601088': np.float64(322090.0), '600985': np.float64(295678.0), '600079': np.float64(212075.0)}",1.2294849622135653,1.3053559473107843,-0.05812283251439873
2023-03-03,200000.0,"{'600900': 10600, '601088': 15500, '600985': 25100, '600079': 8500}",1235126.0,"{'600900': np.float64(198326.0), '601088': np.float64(331545.0), '600985': np.float64(292415.0), '600079': np.float64(212840.0)}",1.2397664458066544,1.3053559473107843,-0.05024644936061573
2023-03-10,200000.0,"{'600900': 10600, '601088': 15500, '600985': 25100, '600079': 8500}",1199349.0,"{'600900': np.float64(192178.0), '601088': np.float64(326275.0), '600985': np.float64(268821.0), '600079': np.float64(212075.0)}",1.2038550293749504,1.3053559473107843,-0.07775727237075834
2023-03-17,200000.0,"{'600900': 10600, '601088': 15500, '600985': 25100, '600079': 8500}",1202928.0,"{'600900': np.float64(196947.99999999997), '601088': np.float64(333250.0), '600985': np.float64(258530.00000000003), '600079': np.float64(214200.0)}",1.2074474759023024,1.3053559473107843,-0.07500519043115178
2023-03-24,200000.0,"{'600900': 10600, '601088': 15500, '600985': 25100, '600079': 8500}",1191704.0,"{'600900': np.float64(192496.0), '601088': np.float64(339605.0), '600985': np.float64(255518.0), '600079': np.float64(204085.0)}",1.1961813066307188,1.3053559473107843,-0.08363591624566508
2023-03-31,200000.0,"{'600900': 10600, '601088': 15500, '600985': 25100, '600079': 8500}",1215689.0,"{'600900': np.float64(197478.0), '601088': np.float64(327050.0), '600985': np.float64(270076.0), '600079': np.float64(221085.0)}",1.2202564197792336,1.3053559473107843,-0.06519258421955147
2023-04-07,200000.0,"{'600900': 10600, '601088': 15500, '600985': 25100, '600079': 8500}",1202229.0,"{'600900': np.float64(195676.0), '601088': np.float64(320385.0), '600985': np.float64(258027.99999999997), '600079': np.float64(228140.0)}",1.206745849715485,1.3053559473107843,-0.07554268841265085
2023-04-14,200000.0,"{'600900': 10600, '601088': 15500, '600985': 25100, '600079': 8500}",1220970.0,"{'600900': np.float64(197054.0), '601088': np.float64(330615.0), '600985': np.float64(263801.0), '600079': np.float64(229500.0)}",1.2255572608272765,1.3053559473107843,-0.06113174467692456
2023-04-21,200000.0,"{'600900': 10600, '601088': 15500, '600985': 25100, '600079': 8500}",1226867.0,"{'600900': np.float64(195464.0), '601088': np.float64(340380.0), '600985': np.float64(268068.0), '600079': np.float64(222955.0)}",1.2314764162259337,1.3053559473107843,-0.056597230232146814
2023-04-28,200000.0,"{'600900': 10600, '601088': 15500, '600985': 25100, '600079': 8500}",1238925.0,"{'600900': np.float64(204156.00000000003), '601088': np.float64(341155.0), '600985': np.float64(270829.0), '600079': np.float64(222785.0)}",1.243579718887797,1.3053559473107843,-0.047325197813098345
2023-05-05,200000.0,"{'600900': 10600, '601088': 15500, '600985': 25100, '600079': 8500}",1253504.0,"{'600900': np.float64(206488.0), '601088': np.float64(353710.0), '600985': np.float64(268821.0), '600079': np.float64(224485.0)}",1.2582134931046909,1.3053559473107843,-0.0361146354779426
2023-05-12,200000.0,"{'600900': 10600, '601088': 15500, '600985': 25100, '600079': 8500}",1269231.0,"{'600900': np.float64(215074.0), '601088': np.float64(368435.0), '600985': np.float64(275347.0), '600079': np.float64(210375.0)}",1.2739995804295479,1.3053559473107843,-0.024021315370596763
2023-05-19,200000.0,"{'600900': 10600, '601088': 15500, '600985': 25100, '600079': 8500}",1274861.0,"{'600900': np.float64(214120.0), '601088': np.float64(369830.0), '600985': np.float64(275096.0), '600079': np.float64(215815.0)}",1.279650732692468,1.3053559473107843,-0.019692111313601976
2023-05-26,200000.0,"{'600900': 10600, '601088': 15500, '600985': 25100, '600079': 8500}",1228190.0,"{'600900': np.float64(211364.0), '601088': np.float64(344565.0), '600985': np.float64(261291.0), '600079': np.float64(210970.0)}",1.2328043868198668,1.3053559473107843,-0.05557990572639122
2023-06-02,200000.0,"{'600900': 10600, '601088': 15500, '600985': 25100, '600079': 8500}",1207369.0,"{'600900': np.float64(208926.0), '601088': np.float64(328445.0), '600985': np.float64(259283.0), '600079': np.float64(210715.0)}",1.2119051610176892,1.3053559473107843,-0.07159027120963964
2023-06-09,200000.0,"{'600900': 10600, '601088': 15500, '600985': 25100, '600079': 8500}",1244040.0,"{'600900': np.float64(214543.99999999997), '601088': np.float64(346890.0), '600985': np.float64(257526.0), '600079': np.float64(225080.0)}",1.248713936263434,1.3053559473107843,-0.043392004429167914
2023-06-16,200000.0,"{'600900': 10600, '601088': 15500, '600985': 25100, '600079': 8500}",1223366.0,"{'600900': np.float64(207547.99999999997), '601088': np.float64(354795.0), '600985': np.float64(251752.99999999997), '600079': np.float64(209270.0)}",1.2279622627494713,1.3053559473107843,-0.059289333856221225
2023-06-23,200000.0,"{'600900': 10600, '601088': 15500, '600985': 25100, '600079': 8500}",1204322.0,"{'600900': np.float64(206488.0), '601088': np.float64(352470.0), '600985': np.float64(236944.0), '600079': np.float64(208420.0)}",1.208846713247686,1.3053559473107843,-0.07393327027920676
2023-06-30,200000.0,"{'600900': 10600, '601088': 15500, '600985': 25100, '600079': 8500}",1242136.0,"{'600900': np.float64(206064.0), '601088': np.float64(367040.0), '600985': np.float64(245227.0), '600079': np.float64(223805.0)}",1.2468027828160806,1.3053559473107843,-0.044856090490361204
2023-07-07,200000.0,"{'600900': 10600, '601088': 15500, '600985': 25100, '600079': 8500}",1264914.0,"{'600900': np.float64(205428.0), '601088': np.float64(374790.0), '600985': np.float64(265056.0), '600079': np.float64(219640.0)}",1.269666361189934,1.3053559473107843,-0.0273408844494683
2023-07-14,200000.0,"{'600900': 10600, '601088': 15500, '600985': 25100, '600079': 8500}",1263970.0,"{'600900': np.float64(210410.00000000003), '601088': np.float64(377270.0), '600985': np.float64(269825.0), '600079': np.float64(206465.0)}",1.2687188145227586,1.3053559473107843,-0.02806677585795915
2023-07-21,200000.0,"{'600900': 10600, '601088': 15500, '600985': 25100, '600079': 8500}",1234364.0,"{'600900': np.float64(210304.0), '601088': np.float64(358825.0), '600985': np.float64(264805.0), '600079': np.float64(200430.0)}",1.239001582924888,1.3053559473107843,-0.05083239136619834
2023-07-28,200000.0,"{'600900': 10600, '601088': 15500, '600985': 25100, '600079': 8500}",1247450.0,"{'600900': np.float64(207547.99999999997), '601088': np.float64(370295.0), '600985': np.float64(267817.0), '600079': np.float64(201790.0)}",1.252136747847192,1.3053559473107843,-0.04076987550654762
2023-08-04,200000.0,"{'600900': 10600, '601088': 15500, '600985': 25100, '600079': 8500}",1213266.0,"{'600900': np.float64(209668.0), '601088': np.float64(360840.0), '600985': np.float64(261793.0), '600079': np.float64(180965.0)}",1.2178243164163465,1.3053559473107843,-0.06705575676486189
2023-08-11,200000.0,"{'600900': 10600, '601088': 15500, '600985': 25100, '600079': 8500}",1206252.0,"{'600900': np.float64(211893.99999999997), '601088': np.float64(356345.0), '600985': np.float64(255518.0), '600079': np.float64(182495.0)}",1.2107839643786693,1.3053559473107843,-0.07244919144616953
2023-08-18,200000.0,"{'600900': 10600, '601088': 15500, '600985': 25100, '600079': 8500}",1202451.0,"{'600900': np.float64(215180.0), '601088': np.float64(353865.0), '600985': np.float64(251251.0), '600079': np.float64(182155.0)}",1.2069686837834013,1.3053559473107843,-0.07537198089921339
2023-08-25,200000.0,"{'600900': 10600, '601088': 15500, '600985': 25100, '600079': 8500}",1221183.0,"{'600900': np.float64(216239.99999999997), '601088': np.float64(362235.0), '600985': np.float64(254263.00000000003), '600079': np.float64(188445.0)}",1.2257710610816286,1.3053559473107843,-0.06096795773835612
2023-09-01,200000.0,"{'600900': 10600, '601088': 15500, '600985': 25100, '600079': 8500}",1243073.0,"{'600900': np.float64(212530.0), '601088': np.float64(375565.0), '600985': np.float64(263048.0), '600079': np.float64(191930.0)}",1.247743303183817,1.3053559473107843,-0.04413558175121308
2023-09-08,200000.0,"{'600900': 10600, '601088': 15500, '600985': 25100, '600079': 8500}",1259936.0,"{'600900': np.float64(212847.99999999997), '601088': np.float64(386260.0), '600985': np.float64(269323.0), '600079': np.float64(191505.0)}",1.2646696585318848,1.3053559473107843,-0.031168731304835974
2023-09-15,200000.0,"{'600900': 10600, '601088': 15500, '600985': 25100, '600079': 8500}",1326469.0,"{'600900': np.float64(220056.00000000003), '601088': np.float64(413075.0), '600985': np.float64(288148.0), '600079': np.float64(205190.0)}",1.331452627183548,1.331452627183548,0.0
2023-09-22,200000.0,"{'600900': 10600, '601088': 15500, '600985': 25100, '600079': 8500}",1320333.0,"{'600900': np.float64(219632.0), '601088': np.float64(414315.0), '600985': np.float64(297686.0), '600079': np.float64(188700.0)}",1.325293573846909,1.331452627183548,-0.004625814851308316
2023-09-29,200000.0,"{'600900': 10600, '601088': 15500, '600985': 25100, '600079': 8500}",1337278.0,"{'600900': np.float64(217088.0), '601088': np.float64(413540.0), '600985': np.float64(306220.0), '600079': np.float64(200430.0)}",1.3423022372741171,1.3423022372741171,0.0
2023-10-06,200000.0,"{'600900': 10600, '601088': 15500, '600985': 25100, '600079': 8500}",1337278.0,"{'600900': np.float64(217088.0), '601088': np.float64(413540.0), '600985': np.float64(306220.0), '600079': np.float64(200430.0)}",1.3423022372741171,1.3423022372741171,0.0
2023-10-13,200000.0,"{'600900': 10600, '601088': 15500, '600985': 25100, '600079': 8500}",1323425.0,"{'600900': np.float64(222388.0), '601088': np.float64(406875.0), '600985': np.float64(300447.0), '600079': np.float64(193715.0)}",1.328397190684733,1.3423022372741171,-0.010359102594972861
2023-10-20,200000.0,"{'600900': 10600, '601088': 15500, '600985': 25100, '600079': 8500}",1311691.0,"{'600900': np.float64(218254.0), '601088': np.float64(407030.0), '600985': np.float64(301702.0), '600079': np.float64(184705.0)}",1.3166191053111798,1.3423022372741171,-0.0191336431168389
2023-10-27,200000.0,"{'600900': 10600, '601088': 15500, '600985': 25100, '600079': 8500}",1309960.0,"{'600900': np.float64(217088.0), '601088': np.float64(400365.0), '600985': np.float64(302957.0), '600079': np.float64(189550.0)}",1.3148816018356708,1.3423022372741171,-0.020428063573916716
2023-11-03,200000.0,"{'600900': 10600, '601088': 15500, '600985': 25100, '600079': 8500}",1330445.0,"{'600900': np.float64(222070.0), '601088': np.float64(400675.0), '600985': np.float64(315005.0), '600079': np.float64(192695.0)}",1.335443565264786,1.3423022372741171,-0.005109633150324895
2023-11-10,200000.0,"{'600900': 10600, '601088': 15500, '600985': 25100, '600079': 8500}",1362330.0,"{'600900': np.float64(220586.0), '601088': np.float64(411990.0), '600985': np.float64(328559.0), '600079': np.float64(201195.0)}",1.3674483592085174,1.3674483592085174,0.0
2023-11-17,200000.0,"{'600900': 10600, '601088': 15500, '600985': 25100, '600079': 8500}",1348410.0,"{'600900': np.float64(221116.0), '601088': np.float64(407340.0), '600985': np.float64(324794.0), '600079': np.float64(195160.0)}",1.3534760608959335,1.3674483592085174,-0.010217788641518458
2023-11-24,200000.0,"{'600900': 10600, '601088': 15500, '600985': 25100, '600079': 8500}",1370272.0,"{'600900': np.float64(221752.00000000003), '601088': np.float64(411215.0), '600985': np.float64(340105.0), '600079': np.float64(197200.0)}",1.3754201978003668,1.3754201978003668,0.0
2023-12-01,254668.87328,"{'600900': 10600, '601088': 15500, '600985': 21300, '600079': 8500}",1423016.87328,"{'600900': np.float64(222282.0), '601088': np.float64(418345.0), '600985': np.float64(307146.0), '600079': np.float64(220575.0)}",1.4283632368756254,1.4283632368756254,0.0
2023-12-08,254668.87328,"{'600900': 10600, '601088': 15500, '600985': 21300, '600079': 8500}",1402496.87328,"{'600900': np.float64(221116.0), '601088': np.float64(403930.0), '600985': np.float64(303312.0), '600079': np.float64(219470.0)}",1.4077661419493162,1.4283632368756254,-0.014420067945295854
2023-12-15,254668.87328,"{'600900': 10600, '601088': 15500, '600985': 21300, '600079': 8500}",1404723.87328,"{'600900': np.float64(222812.0), '601088': np.float64(401295.0), '600985': np.float64(312258.0), '600079': np.float64(213690.0)}",1.4100015089279172,1.4283632368756254,-0.01285508298846467
2023-12-22,254668.87328,"{'600900': 10600, '601088': 15500, '600985': 21300, '600079': 8500}",1427419.87328,"{'600900': np.float64(227052.00000000003), '601088': np.float64(416330.0), '600985': np.float64(321204.0), '600079': np.float64(208165.0)}",1.4327827792226302,1.4327827792226302,0.0
2023-12-29,254668.87328,"{'600900': 10600, '601088': 15500, '600985': 21300, '600079': 8500}",1422350.87328,"{'600900': np.float64(228747.99999999997), '601088': np.float64(415865.0), '600985': np.float64(316944.0), '600079': np.float64(206125.0)}",1.4276947346718767,1.4327827792226302,-0.00355116255201928
2024-01-05,254668.87328,"{'600900': 10600, '601088': 15500, '600985': 21300, '600079': 8500}",1476322.87328,"{'600900': np.float64(232988.0), '601088': np.float64(448415.0), '600985': np.float64(340161.0), '600079': np.float64(200090.0)}",1.4818695108591458,1.4818695108591458,0.0
2024-01-12,254668.87328,"{'600900': 10600, '601088': 15500, '600985': 21300, '600079': 8500}",1460474.87328,"{'600900': np.float64(230762.0), '601088': np.float64(451050.0), '600985': np.float64(330789.0), '600079': np.float64(193205.0)}",1.4659619689297039,1.4818695108591458,-0.010734779150843816
2024-01-19,254668.87328,"{'600900': 10600, '601088': 15500, '600985': 21300, '600079': 8500}",1435310.87328,"{'600900': np.float64(230443.99999999997), '601088': np.float64(445315.0), '600985': np.float64(318648.0), '600079': np.float64(186235.0)}",1.4407034262042826,1.4818695108591458,-0.02777983105340782
2024-01-26,254668.87328,"{'600900': 10600, '601088': 15500, '600985': 21300, '600079': 8500}",1490396.87328,"{'600900': np.float64(237122.0), '601088': np.float64(484840.0), '600985': np.float64(336966.0), '600079': np.float64(176800.0)}",1.4959963877593834,1.4959963877593834,0.0
2024-02-02,254668.87328,"{'600900': 10600, '601088': 15500, '600985': 21300, '600079': 8500}",1484963.87328,"{'600900': np.float64(238712.0), '601088': np.float64(503750.0), '600985': np.float64(333558.0), '600079': np.float64(154275.0)}",1.4905429756378124,1.4959963877593834,-0.0036453377602995597
2024-02-09,254668.87328,"{'600900': 10600, '601088': 15500, '600985': 21300, '600079': 8500}",1550616.87328,"{'600900': np.float64(242528.0), '601088': np.float64(520024.99999999994), '600985': np.float64(352515.0), '600079': np.float64(180880.0)}",1.5564426380743122,1.5564426380743122,0.0
2024-02-16,254668.87328,"{'600900': 10600, '601088': 15500, '600985': 21300, '600079': 8500}",1550616.87328,"{'600900': np.float64(242528.0), '601088': np.float64(520024.99999999994), '600985': np.float64(352515.0), '600079': np.float64(180880.0)}",1.5564426380743122,1.5564426380743122,0.0
2024-02-23,316964.01248,"{'600900': 10600, '601088': 15500, '600985': 17800, '600079': 8500}",1610719.01248,"{'600900': np.float64(253658.0), '601088': np.float64(547615.0), '600985': np.float64(317552.0), '600079': np.float64(174930.0)}",1.6167705847788272,1.6167705847788272,0.0
2024-03-01,316964.01248,"{'600900': 10600, '601088': 15500, '600985': 17800, '600079': 8500}",1578661.01248,"{'600900': np.float64(246343.99999999997), '601088': np.float64(524830.0), '600985': np.float64(309898.0), '600079': np.float64(180625.0)}",1.5845921408632513,1.6167705847788272,-0.01990291276852855
2024-03-08,316964.01248,"{'600900': 10600, '601088': 15500, '600985': 17800, '600079': 8500}",1582844.01248,"{'600900': np.float64(255142.0), '601088': np.float64(546065.0), '600985': np.float64(298328.0), '600079': np.float64(166345.0)}",1.5887908566564652,1.6167705847788272,-0.017305935910622433
2024-03-15,316964.01248,"{'600900': 10600, '601088': 15500, '600985': 17800, '600079': 8500}",1503105.01248,"{'600900': np.float64(243270.0), '601088': np.float64(508245.0), '600985': np.float64(270916.0), '600079': np.float64(163710.0)}",1.5087522722349755,1.6167705847788272,-0.06681115648738033
2024-03-22,316964.01248,"{'600900': 10600, '601088': 15500, '600985': 17800, '600079': 8500}",1513744.01248,"{'600900': np.float64(246450.0), '601088': np.float64(518010.0), '600985': np.float64(268780.0), '600079': np.float64(163540.0)}",1.519431243624888,1.6167705847788272,-0.06020603174646148
2024-03-29,316964.01248,"{'600900': 10600, '601088': 15500, '600985': 17800, '600079': 8500}",1522887.01248,"{'600900': np.float64(245602.00000000003), '601088': np.float64(535835.0), '600985': np.float64(264686.0), '600079': np.float64(159800.0)}",1.5286085944490226,1.6167705847788272,-0.05452968476777738
2024-04-05,316964.01248,"{'600900': 10600, '601088': 15500, '600985': 17800, '600079': 8500}",1542924.01248,"{'600900': np.float64(240408.0), '601088': np.float64(543585.0), '600985': np.float64(281062.0), '600079': np.float64(160905.0)}",1.5487208747140548,1.6167705847788272,-0.04208989865688426
2024-04-12,316964.01248,"{'600900': 10600, '601088': 15500, '600985': 17800, '600079': 8500}",1565890.01248,"{'600900': np.float64(250796.0), '601088': np.float64(545755.0), '600985': np.float64(300820.0), '600079': np.float64(151555.0)}",1.571773159415693,1.6167705847788272,-0.027831669988781886
2024-04-19,316964.01248,"{'600900': 10600, '601088': 15500, '600985': 17800, '600079': 8500}",1639849.01248,"{'600900': np.float64(256943.99999999997), '601088': np.float64(579235.0), '600985': np.float64(325206.0), '600079': np.float64(161500.0)}",1.6460100280148597,1.6460100280148597,0.0
2024-04-26,316964.01248,"{'600900': 10600, '601088': 15500, '600985': 17800, '600079': 8500}",1575711.01248,"{'600900': np.float64(252386.0), '601088': np.float64(542965.0), '600985': np.float64(286936.0), '600079': np.float64(176460.0)}",1.5816310575283286,1.6460100280148597,-0.039112137466242695
2024-05-03,316964.01248,"{'600900': 10600, '601088': 15500, '600985': 17800, '600079': 8500}",1597249.01248,"{'600900': np.float64(254718.0), '601088': np.float64(547305.0), '600985': np.float64(311322.0), '600079': np.float64(166940.0)}",1.6032499771444517,1.6460100280148597,-0.02597800143537278
2024-05-10,316964.01248,"{'600900': 10600, '601088': 15500, '600985': 17800, '600079': 8500}",1624730.01248,"{'600900': np.float64(251432.0), '601088': np.float64(564975.0), '600985': np.float64(320934.0), '600079': np.float64(170425.0)}",1.6308342249841157,1.6460100280148597,-0.009219751260596244
2024-05-17,316964.01248,"{'600900': 10600, '601088': 15500, '600985': 17800, '600079': 8500}",1588538.01248,"{'600900': np.float64(254612.0), '601088': np.float64(548235.0), '600985': np.float64(301532.0), '600079': np.float64(167195.0)}",1.594506249371397,1.6460100280148597,-0.031290075860338384
2024-05-24,316964.01248,"{'600900': 10600, '601088': 15500, '600985': 17800, '600079': 8500}",1617360.01248,"{'600900': np.float64(260124.0), '601088': np.float64(570245.0), '600985': np.float64(307762.0), '600079': np.float64(162265.0)}",1.6234365354321225,1.6460100280148597,-0.013714067471363809
2024-05-31,316964.01248,"{'600900': 10600, '601088': 15500, '600985': 17800, '600079': 8500}",1645160.01248,"{'600900': np.float64(263410.0), '601088': np.float64(586055.0), '600985': np.float64(319866.0), '600079': np.float64(158865.0)}",1.651340981774783,1.651340981774783,0.0
2024-06-07,316964.01248,"{'600900': 10600, '601088': 15500, '600985': 17800, '600079': 8500}",1677448.01248,"{'600900': np.float64(281430.0), '601088': np.float64(614265.0), '600985': np.float64(308473.99999999994), '600079': np.float64(156315.0)}",1.6837502898147767,1.6837502898147767,0.0
2024-06-14,316964.01248,"{'600900': 10600, '601088': 15500, '600985': 17800, '600079': 8500}",1672058.01248,"{'600900': np.float64(277084.0), '601088': np.float64(617365.0), '600985': np.float64(307050.0), '600079': np.float64(153595.0)}",1.6783400392469012,1.6837502898147767,-0.003213214335048837
2024-06-21,316964.01248,"{'600900': 10600, '601088': 15500, '600985': 17800, '600079': 8500}",1654816.01248,"{'600900': np.float64(281642.0), '601088': np.float64(613645.0), '600985': np.float64(298150.0), '600079': np.float64(144415.0)}",1.6610332599720754,1.6837502898147767,-0.013491923345236849
2024-06-28,316964.01248,"{'600900': 10600, '601088': 15500, '600985': 17800, '600079': 8500}",1651827.01248,"{'600900': np.float64(287896.0), '601088': np.float64(617675.0), '600985': np.float64(284622.0), '600079': np.float64(144670.0)}",1.658033030111708,1.6837502898147767,-0.015273796749218471
2024-07-05,316964.01248,"{'600900': 10600, '601088': 15500, '600985': 17800, '600079': 8500}",1655929.01248,"{'600900': np.float64(292136.0), '601088': np.float64(628990.0), '600985': np.float64(273764.0), '600079': np.float64(144075.0)}",1.6621504415828445,1.6837502898147767,-0.012828415450077395
2024-07-12,316964.01248,"{'600900': 10600, '601088': 15500, '600985': 17800, '600079': 8500}",1611709.01248,"{'600900': np.float64(298072.0), '601088': np.float64(603725.0), '600985': np.float64(247598.0), '600079': np.float64(145350.0)}",1.617764304270886,1.6837502898147767,-0.039189888158029394
2024-07-19,316964.01248,"{'600900': 10600, '601088': 15500, '600985': 17800, '600079': 8500}",1651358.01248,"{'600900': np.float64(314184.0), '601088': np.float64(615505.0), '600985': np.float64(250090.0), '600079': np.float64(154615.0)}",1.6575622680493085,1.6837502898147767,-0.015553388126424046
2024-07-26,316964.01248,"{'600900': 10600, '601088': 15500, '600985': 17800, '600079': 8500}",1623003.01248,"{'600900': np.float64(309626.0), '601088': np.float64(597370.0), '600985': np.float64(241368.0), '600079': np.float64(157675.0)}",1.6291007365368575,1.6837502898147767,-0.03245704164596224
2024-08-02,378351.26288,"{'600900': 8500, '601088': 15500, '600985': 17800, '600079': 8500}",1613079.26288,"{'600900': np.float64(249050.0), '601088': np.float64(571175.0), '600985': np.float64(244928.0), '600079': np.float64(169575.0)}",1.6191397027875338,1.6837502898147767,-0.038373022067512426
2024-08-09,378351.26288,"{'600900': 8500, '601088': 15500, '600985': 17800, '600079': 8500}",1606223.26288,"{'600900': np.float64(243100.0), '601088': np.float64(570245.0), '600985': np.float64(245461.99999999997), '600079': np.float64(169065.0)}",1.6122579443657612,1.6837502898147767,-0.04246018301020166
2024-08-16,378351.26288,"{'600900': 8500, '601088': 15500, '600985': 17800, '600079': 8500}",1620548.26288,"{'600900': np.float64(243780.0), '601088': np.float64(593185.0), '600985': np.float64(241011.99999999997), '600079': np.float64(164220.0)}",1.6266367642887327,1.6837502898147767,-0.033920425060373315
2024-08-23,378351.26288,"{'600900': 8500, '601088': 15500, '600985': 17800, '600079': 8500}",1605724.26288,"{'600900': np.float64(246245.0), '601088': np.float64(589310.0), '600985': np.float64(226238.00000000003), '600079': np.float64(165580.0)}",1.611757069591481,1.6837502898147767,-0.04275765869724988
2024-08-30,378351.26288,"{'600900': 8500, '601088': 15500, '600985': 17800, '600079': 8500}",1626774.26288,"{'600900': np.float64(241740.0), '601088': np.float64(593495.0), '600985': np.float64(244038.00000000003), '600079': np.float64(169150.0)}",1.6328861557610135,1.6837502898147767,-0.03020883462437806
2024-09-06,378351.26288,"{'600900': 8500, '601088': 15500, '600985': 17800, '600079': 8500}",1565488.26288,"{'600900': np.float64(239360.0), '601088': np.float64(554590.0), '600985': np.float64(232111.99999999997), '600079': np.float64(161075.0)}",1.5713699004172619,1.6837502898147767,-0.06674409505810829
2024-09-13,378351.26288,"{'600900': 8500, '601088': 15500, '600985': 17800, '600079': 8500}",1516792.26288,"{'600900': np.float64(232560.0), '601088': np.float64(551645.0), '600985': np.float64(218406.0), '600079': np.float64(135830.0)}",1.5224909464927223,1.6837502898147767,-0.09577390679457222
2024-09-20,378351.26288,"{'600900': 8500, '601088': 15500, '600985': 17800, '600079': 8500}",1539593.26288,"{'600900': np.float64(231285.0), '601088': np.float64(561720.0), '600985': np.float64(233002.0), '600079': np.float64(135235.0)}",1.5453776112790174,1.6837502898147767,-0.08218123517055559
2024-09-27,378351.26288,"{'600900': 8500, '601088': 15500, '600985': 17800, '600079': 8500}",1673258.26288,"{'600900': np.float64(238425.0), '601088': np.float64(613025.0), '600985': np.float64(280172.0), '600079': np.float64(163285.0)}",1.6795447990628924,1.6837502898147767,-0.002497692666973133
2024-10-04,378351.26288,"{'600900': 8500, '601088': 15500, '600985': 17800, '600079': 8500}",1751774.26288,"{'600900': np.float64(247435.0), '601088': np.float64(640770.0), '600985': np.float64(307228.0), '600079': np.float64(177990.0)}",1.7583557885967176,1.7583557885967176,0.0
2024-10-11,378351.26288,"{'600900': 8500, '601088': 15500, '600985': 17800, '600079': 8500}",1709272.26288,"{'600900': np.float64(240295.0), '601088': np.float64(625270.0), '600985': np.float64(285156.0), '600079': np.float64(180200.0)}",1.7156941059184527,1.7583557885967176,-0.02426225850020471
2024-10-18,378351.26288,"{'600900': 8500, '601088': 15500, '600985': 17800, '600079': 8500}",1689153.26288,"{'600900': np.float64(233665.0), '601088': np.float64(615660.0), '600985': np.float64(280172.0), '600079': np.float64(181305.0)}",1.6954995175742806,1.7583557885967176,-0.03574718576870063
2024-10-25,378351.26288,"{'600900': 8500, '601088': 15500, '600985': 17800, '600079': 8500}",1657571.26288,"{'600900': np.float64(226100.0), '601088': np.float64(599385.0), '600985': np.float64(270560.0), '600079': np.float64(183175.0)}",1.6637988620205428,1.7583557885967176,-0.05377576437567129
2024-11-01,378351.26288,"{'600900': 8500, '601088': 15500, '600985': 17800, '600079': 8500}",1656024.26288,"{'600900': np.float64(229840.0), '601088': np.float64(601555.0), '600985': np.float64(265398.0), '600079': np.float64(180880.0)}",1.6622460498445684,1.7583557885967176,-0.05465886902721267
2024-11-08,378351.26288,"{'600900': 8500, '601088': 15500, '600985': 17800, '600079': 8500}",1647442.26288,"{'600900': np.float64(226780.0), '601088': np.float64(587915.0), '600985': np.float64(268246.0), '600079': np.float64(186150.0)}",1.6536318067326001,1.7583557885967176,-0.05955790207151081
2024-11-15,378351.26288,"{'600900': 8500, '601088': 15500, '600985': 17800, '600079': 8500}",1646057.26288,"{'600900': np.float64(222360.0), '601088': np.float64(587140.0), '600985': np.float64(258456.0), '600079': np.float64(199750.0)}",1.6522416032007805,1.7583557885967176,-0.060348529054306536
2024-11-22,378351.26288,"{'600900': 8500, '601088': 15500, '600985': 17800, '600079': 8500}",1625552.26288,"{'600900': np.float64(223720.0), '601088': np.float64(581870.0), '600985': np.float64(250446.0), '600079': np.float64(191165.0)}",1.6316595646304117,1.7583557885967176,-0.07205380434833254
2024-11-29,378351.26288,"{'600900': 8500, '601088': 15500, '600985': 17800, '600079': 8500}",1620907.26288,"{'600900': np.float64(224230.0), '601088': np.float64(584350.0), '600985': np.float64(245106.0), '600079': np.float64(188870.0)}",1.626997113074237,1.7583557885967176,-0.07470540170218536
2024-12-06,378351.26288,"{'600900': 8500, '601088': 15500, '600985': 17800, '600079': 8500}",1681824.26288,"{'600900': np.float64(231540.0), '601088': np.float64(621240.0), '600985': np.float64(252048.0), '600079': np.float64(198645.0)}",1.6881429820618576,1.7583557885967176,-0.039930944004736575
2024-12-13,378351.26288,"{'600900': 8500, '601088': 15500, '600985': 17800, '600079': 8500}",1698749.26288,"{'600900': np.float64(236130.0), '601088': np.float64(625270.0), '600985': np.float64(245818.0), '600079': np.float64(213180.0)}",1.7051315703478118,1.7583557885967176,-0.030269311020030915
2024-12-20,378351.26288,"{'600900': 8500, '601088': 15500, '600985': 17800, '600079': 8500}",1662982.26288,"{'600900': np.float64(240210.0), '601088': np.float64(605740.0), '600985': np.float64(234426.0), '600079': np.float64(204255.0)}",1.669230191486735,1.7583557885967176,-0.05068689606960075
2024-12-27,378351.26288,"{'600900': 8500, '601088': 15500, '600985': 17800, '600079': 8500}",1676704.26288,"{'600900': np.float64(243695.0), '601088': np.float64(618915.0), '600985': np.float64(233358.0), '600079': np.float64(202385.0)}",1.683003745900907,1.7583557885967176,-0.04285369501694897
2025-01-03,378351.26288,"{'600900': 8500, '601088': 15500, '600985': 17800, '600079': 8500}",1652738.26288,"{'600900': np.float64(238510.0), '601088': np.float64(617055.0), '600985': np.float64(229442.0), '600079': np.float64(189380.0)}",1.6589477041365832,1.7583557885967176,-0.05653468149325371
2025-01-10,378351.26288,"{'600900': 8500, '601088': 15500, '600985': 17800, '600079': 8500}",1583865.26288,"{'600900': np.float64(237405.0), '601088': np.float64(572260.0), '600985': np.float64(219474.0), '600079': np.float64(176375.0)}",1.5898159439582358,1.7583557885967176,-0.09585082025577292
2025-01-17,378351.26288,"{'600900': 8500, '601088': 15500, '600985': 17800, '600079': 8500}",1619735.26288,"{'600900': np.float64(238595.0), '601088': np.float64(578925.0), '600985': np.float64(231934.0), '600079': np.float64(191930.0)}",1.6258207097967694,1.7583557885967176,-0.07537443767607455
2025-01-24,378351.26288,"{'600900': 8500, '601088': 15500, '600985': 17800, '600079': 8500}",1600199.26288,"{'600900': np.float64(233495.0), '601088': np.float64(570710.0), '600985': np.float64(231578.0), '600079': np.float64(186065.0)}",1.6062113118201429,1.7583557885967176,-0.08652655950704716
2025-01-31,378351.26288,"{'600900': 8500, '601088': 15500, '600985': 17800, '600079': 8500}",1625991.26288,"{'600900': np.float64(239445.0), '601088': np.float64(584970.0), '600985': np.float64(238520.0), '600079': np.float64(184705.0)}",1.6321002139809306,1.7583557885967176,-0.07180320128302767
2025-02-07,378351.26288,"{'600900': 8500, '601088': 15500, '600985': 17800, '600079': 8500}",1593543.26288,"{'600900': np.float64(232900.0), '601088': np.float64(567765.0), '600985': np.float64(230332.0), '600079': np.float64(184195.0)}",1.5995303048109073,1.7583557885967176,-0.09032613582292318
2025-02-14,378351.26288,"{'600900': 8500, '601088': 15500, '600985': 17800, '600079': 8500}",1567955.26288,"{'600900': np.float64(233580.0), '601088': np.float64(555985.0), '600985': np.float64(225704.0), '600079': np.float64(174335.0)}",1.5738461690909074,1.7583557885967176,-0.10493304068629986
2025-02-21,292125.59504,"{'600900': 8500, '601088': 18100, '600985': 17800, '600079': 8500}",1516073.59504,"{'600900': np.float64(230095.0), '601088': np.float64(599472.0), '600985': np.float64(224636.0), '600079': np.float64(169745.0)}",1.5217695785725973,1.7583557885967176,-0.13454968076337467
2025-02-28,205717.68696,"{'600900': 8500, '601088': 20700, '600985': 17800, '600079': 8500}",1515646.68696,"{'600900': np.float64(226525.0), '601088': np.float64(687033.0), '600985': np.float64(227306.0), '600079': np.float64(169065.0)}",1.5213410665721798,1.7583557885967176,-0.1347933811584804
2025-03-07,205717.68696,"{'600900': 8500, '601088': 20700, '600985': 17800, '600079': 8500}",1523022.68696,"{'600900': np.float64(225505.0), '601088': np.float64(696141.0), '600985': np.float64(226594.0), '600079': np.float64(169065.0)}",1.528744778666549,1.7583557885967176,-0.13058279298151215
2025-03-14,205717.68696,"{'600900': 8500, '601088': 20700, '600985': 17800, '600079': 8500}",1563292.6869599998,"{'600900': np.float64(227120.0), '601088': np.float64(722636.9999999999), '600985': np.float64(234248.0), '600079': np.float64(173570.0)}",1.5691660755808992,1.7583557885967176,-0.1075946712506939
2025-03-21,205717.68696,"{'600900': 8500, '601088': 20700, '600985': 17800, '600079': 8500}",1543061.68696,"{'600900': np.float64(226695.0), '601088': np.float64(711252.0), '600985': np.float64(230332.0), '600079': np.float64(169065.0)}",1.5488590664457063,1.7583557885967176,-0.11914353369758197
2025-03-28,205717.68696,"{'600900': 8500, '601088': 20700, '600985': 17800, '600079': 8500}",1576102.68696,"{'600900': np.float64(230520.0), '601088': np.float64(736299.0), '600985': np.float64(222856.0), '600079': np.float64(180710.0)}",1.5820242035539023,1.7583557885967176,-0.10028208522209228
2025-04-04,205717.68696,"{'600900': 8500, '601088': 20700, '600985': 17800, '600079': 8500}",1607220.68696,"{'600900': np.float64(235195.0), '601088': np.float64(759690.0000000001), '600985': np.float64(222678.0), '600079': np.float64(183940.0)}",1.6132591158305538,1.7583557885967176,-0.08251838092560344
2025-04-11,165379.51075999998,"{'600900': 8500, '601088': 20700, '600985': 21300, '600079': 8500}",1567784.51076,"{'600900': np.float64(241995.0), '601088': np.float64(740232.0), '600985': np.float64(245163.0), '600079': np.float64(175015.0)}",1.5736747754444886,1.7583557885967176,-0.10503051450105921
2025-04-18,165379.51075999998,"{'600900': 8500, '601088': 20700, '600985': 21300, '600079': 8500}",1599704.51076,"{'600900': np.float64(245225.0), '601088': np.float64(764658.0), '600985': np.float64(251126.99999999997), '600079': np.float64(173315.0)}",1.605714700885414,1.7583557885967176,-0.08680898865929808
2025-04-25,125391.79655999997,"{'600900': 8500, '601088': 20700, '600985': 24800, '600079': 8500}",1579008.79656,"{'600900': np.float64(244715.0), '601088': np.float64(753894.0), '600985': np.float64(282968.0), '600079': np.float64(172040.0)}",1.5849412315898408,1.7583557885967176,-0.09862313311760011
2025-05-02,125391.79655999997,"{'600900': 8500, '601088': 20700, '600985': 24800, '600079': 8500}",1568887.79656,"{'600900': np.float64(244545.0), '601088': np.float64(746028.0), '600985': np.float64(275528.0), '600079': np.float64(177395.0)}",1.5747822063583994,1.7583557885967176,-0.10440070401498316
2025-05-09,125391.79655999997,"{'600900': 8500, '601088': 20700, '600985': 24800, '600079': 8500}",1582269.79656,"{'600900': np.float64(244970.0), '601088': np.float64(757206.0), '600985': np.float64(278752.0), '600079': np.float64(175950.0)}",1.5882144833712586,1.7583557885967176,-0.09676159189673601
2025-05-16,125391.79655999997,"{'600900': 8500, '601088': 20700, '600985': 24800, '600079': 8500}",1601196.7965600002,"{'600900': np.float64(249645.0), '601088': np.float64(770040.0000000001), '600985': np.float64(282720.0), '600079': np.float64(173400.0)}",1.6072125932967098,1.7583557885967176,-0.08595711759827052
2025-05-23,125391.79655999997,"{'600900': 8500, '601088': 20700, '600985': 24800, '600079': 8500}",1619015.79656,"{'600900': np.float64(252960.0), '601088': np.float64(775008.0), '600985': np.float64(288176.0), '600079': np.float64(177480.0)}",1.6250985403967049,1.7583557885967176,-0.0757851448860419
2025-05-30,125391.79655999997,"{'600900': 8500, '601088': 20700, '600985': 24800, '600079': 8500}",1626190.79656,"{'600900': np.float64(250495.0), '601088': np.float64(772109.9999999999), '600985': np.float64(289664.0), '600079': np.float64(188530.0)}",1.6323004973214743,1.7583557885967176,-0.07168929752029515
2025-06-06,125391.79655999997,"{'600900': 8500, '601088': 20700, '600985': 24800, '600079': 8500}",1627670.79656,"{'600900': np.float64(248710.0), '601088': np.float64(771696.0), '600985': np.float64(297848.0), '600079': np.float64(184025.0)}",1.633786057774249,1.7583557885967176,-0.07084443980582761
2025-06-13,125391.79655999997,"{'600900': 8500, '601088': 20700, '600985': 24800, '600079': 8500}",1620676.79656,"{'600900': np.float64(254065.0), '601088': np.float64(765900.0), '600985': np.float64(295120.0), '600079': np.float64(180200.0)}",1.6267657808778255,1.7583557885967176,-0.07483696335649423
2025-06-20,125391.79655999997,"{'600900': 8500, '601088': 20700, '600985': 24800, '600079': 8500}",1602757.79656,"{'600900': np.float64(252195.0), '601088': np.float64(769626.0), '600985': np.float64(279000.0), '600079': np.float64(176545.0)}",1.6087794580715618,1.7583557885967176,-0.08506602104943022
2025-06-27,125391.79655999997,"{'600900': 8500, '601088': 20700, '600985': 24800, '600079': 8500}",1613411.79656,"{'600900': np.float64(250665.0), '601088': np.float64(779769.0), '600985': np.float64(281976.0), '600079': np.float64(175610.0)}",1.6194734858174145,1.7583557885967176,-0.07898418720487749
2025-07-04,125391.79655999997,"{'600900': 8500, '601088': 20700, '600985': 24800, '600079': 8500}",1644685.79656,"{'600900': np.float64(250155.0), '601088': np.float64(802953.0), '600985': np.float64(284456.0), '600079': np.float64(181730.0)}",1.650864984195845,1.7583557885967176,-0.061131430338485324
2025-07-11,125391.79655999997,"{'600900': 8500, '601088': 20700, '600985': 24800, '600079': 8500}",1615523.79656,"{'600900': np.float64(252195.0), '601088': np.float64(761759.9999999999), '600985': np.float64(294872.0), '600079': np.float64(181305.0)}",1.6215934207338065,1.7583557885967176,-0.07777855241233991
2025-07-18,125391.79655999997,"{'600900': 8500, '601088': 20700, '600985': 24800, '600079': 8500}",1624292.79656,"{'600900': np.float64(250750.0), '601088': np.float64(774180.0), '600985': np.float64(285696.0), '600079': np.float64(188275.0)}",1.630395366416497,1.7583557885967176,-0.07277277045411917
2025-07-25,125391.79655999997,"{'600900': 8500, '601088': 20700, '600985': 24800, '600079': 8500}",1680938.79656,"{'600900': np.float64(244375.0), '601088': np.float64(795501.0), '600985': np.float64(329096.0), '600079': np.float64(186575.0)}",1.6872541889893873,1.7583557885967176,-0.040436412282678025
