date,open,high,low,close,volume,amount,rsi,ema_20,ema_50,ema_60,macd,macd_signal,macd_histogram,bb_upper,bb_middle,bb_lower,ma_5,ma_10,ma_20,volume_ma,volume_ratio
2021-05-14,12.0,12.13,11.73,11.88,74921668.0,890142552.0,,,,,,,,,,,,,,,
2021-05-21,11.89,12.17,11.2,11.49,294532112.0,3435287249.0,,,,,,,,,,,,,,,
2021-05-28,11.41,11.98,11.3,11.83,219629821.0,2557189818.0,,,,,,,,,,,,,,,
2021-06-04,11.98,12.24,11.66,11.97,236550183.0,2833565177.0,,,,,,,,,,,,,,206408446.0,1.1460295718712983
2021-06-11,12.09,12.58,11.93,12.3,246276520.0,3020729815.0,,,,,,,,,,,11.894,,,249247159.0,0.9880815532184261
2021-06-18,12.4,12.46,11.56,11.71,195318718.0,2353128563.0,,,,,,,,,,,11.86,,,224443810.5,0.8702343698624739
2021-06-25,11.65,12.54,11.5,12.51,249444219.0,3008907353.0,,,,,,,,,,,12.063999999999998,,,231897410.0,1.0756662569021362
2021-07-02,12.1,12.12,11.42,11.5,192480609.0,2277083597.0,,,,,,,,,,,11.998,,,220880016.5,0.8714260893764466
2021-07-09,11.63,11.72,10.23,10.38,295413403.0,3290616992.0,,,,,,,,,,,11.68,,,233164237.25,1.2669756154896779
2021-07-16,10.43,11.47,10.19,11.14,329107554.0,3578088828.0,,,,,,,,,,,11.447999999999999,11.671000000000001,,266611446.25,1.2344089446609796
2021-07-23,11.34,11.62,10.81,11.26,226794639.0,2546263178.0,,,,,,,,,,,11.357999999999999,11.609000000000002,,260949051.25,0.8691146333493328
2021-07-30,11.27,11.34,10.4,11.17,318748395.0,3486098796.0,,,,,,,,,,,11.09,11.577000000000002,,292515997.75,1.089678504600694
2021-08-06,10.8,11.06,10.51,10.93,278149166.0,2990184108.0,,,,,,,,,,,10.975999999999999,11.487000000000004,,288199938.5,0.9651256951951085
2021-08-13,10.94,11.39,10.71,11.19,296354448.0,3295719586.0,,,,,,,,,,,11.137999999999998,11.409000000000002,,280011662.0,1.058364661968972
2021-08-20,11.39,11.56,10.34,10.47,244572770.0,2674520868.0,39.797395079594786,,,,,,,,,,11.003999999999998,11.226000000000003,,284456194.75,0.8597906268659316
2021-08-27,10.66,12.02,10.66,11.74,389638848.0,4436914539.0,49.74444754204998,,,,,,,,,,11.099999999999998,11.229000000000003,,302178808.0,1.2894314150580672
2021-09-03,11.91,14.48,11.87,13.98,978844181.0,13224829559.0,61.74910363063597,,,,,,,,,,11.661999999999997,11.376000000000003,,477352561.75,2.0505686141318797
2021-09-10,14.3,16.29,14.28,14.9,736436715.0,11163123350.0,65.40431196956328,,,,,,,,,,12.455999999999998,11.716000000000005,,587373128.5,1.2537800577984732
2021-09-17,15.09,16.83,14.51,14.93,755213620.0,11852246274.0,65.52001791126291,,,,,,,,,,13.203999999999997,12.171000000000003,,715033341.0,1.0561935740560104
2021-09-24,14.9,16.69,14.63,14.64,392520159.0,6060537376.0,63.315541573107126,12.096,,,,,,14.834579193669596,12.096,9.357420806330405,14.037999999999997,12.521000000000004,12.096,715753668.75,0.5484011834483524
2021-10-01,14.85,15.67,14.09,14.8,491213471.0,7271585385.0,64.03453315288431,12.353523809523809,,,,,,15.219842171774735,12.242,9.264157828225267,14.649999999999997,12.875000000000004,12.242,593845991.25,0.8271731698752963
2021-10-08,15.06,15.13,14.0,14.41,147422245.0,2120020088.0,60.90126672071894,12.549378684807255,,,,,,15.487874836182877,12.388000000000002,9.288125163817126,14.735999999999995,13.199000000000003,12.388000000000002,446592373.75,0.3301047077049421
2021-10-15,14.52,15.51,13.57,14.52,520639393.0,7526190163.0,61.47386661534,12.737056905301802,,,,,,15.744871021468498,12.5225,9.300128978531504,14.659999999999997,13.558000000000003,12.5225,387948817.0,1.3420311396387117
2021-10-22,14.36,15.38,13.42,14.02,689378757.0,10020140933.0,57.3616833028034,12.859241961939725,,,,,,15.900530491386043,12.625000000000002,9.34946950861396,14.477999999999998,13.841000000000005,12.625000000000002,462163466.5,1.491634036374011
2021-10-29,14.38,14.47,12.22,12.51,576051580.0,7489858359.0,47.11210356890649,12.82598082270737,,,,,,15.908140982448263,12.6355,9.362859017551738,14.051999999999998,14.045000000000005,12.6355,483372993.75,1.1917330662828327
2021-11-05,12.3,12.72,11.75,11.87,357793692.0,4365304338.0,43.55943934756149,12.734935030068574,,,,,,15.907823972892391,12.6435,9.379176027107608,13.466,14.058000000000003,12.6435,535965855.5,0.6675680704813107
2021-11-12,11.83,12.06,11.31,11.66,275366828.0,3234937195.0,42.42884482245914,12.632560265300137,,,,,,15.893184077478018,12.601,9.308815922521983,12.916,13.826000000000004,12.601,474647714.25,0.580149908517125
2021-11-19,11.6,12.32,11.46,12.23,232716381.0,2760789642.0,46.48869827170963,12.59422119241441,,,,,,15.896063333740809,12.6375,9.37893666625919,12.458000000000002,13.559000000000003,12.6375,360482120.25,0.6455698297563484
2021-11-26,12.34,12.68,11.96,12.18,239718172.0,2958355829.0,46.18105382206227,12.55477155504161,,,,,,15.827247570367625,12.727500000000001,9.627752429632377,12.090000000000002,13.284000000000002,12.727500000000001,276398768.25,0.8672910285301172
2021-12-03,12.02,13.68,11.72,13.3,295509338.0,3708904529.0,53.58984595656804,12.625745692656695,,,,,,15.855979928753005,12.835500000000001,9.815020071246998,12.248000000000001,13.150000000000002,12.835500000000001,260827679.75,1.1329677060473102
2021-12-10,13.17,13.43,12.59,12.65,313566318.0,4067356811.0,49.34433884991479,12.62805562668939,,,,,,15.840033219573463,12.905000000000001,9.969966780426539,12.404000000000002,12.935000000000002,12.905000000000001,270377552.25,1.1597350275220564
2021-12-17,12.77,13.86,12.38,13.06,453996882.0,5980133694.0,51.93115709299302,12.669193186052306,,,,,,15.824647606763206,12.999500000000001,10.174352393236797,12.684000000000003,12.800000000000002,12.999500000000001,325697677.5,1.393921152538768
2021-12-24,13.09,13.22,12.42,12.55,255210518.0,3275958571.0,48.60609570733487,12.657841454047324,,,,,,15.752401757175939,13.0805,10.408598242824063,12.748000000000001,12.603000000000003,13.0805,329570764.0,0.7743724440314737
2021-12-31,12.52,12.68,12.02,12.2,249296296.0,3061663001.0,46.409929868397,12.614237506042816,,,0.3180930427547999,0.6180263199132082,-0.29993327715840834,15.69402867717082,13.131,10.56797132282918,12.752,12.421000000000003,13.131,318017503.5,0.7839074681623617
2022-01-07,12.55,12.66,12.03,12.14,203802840.0,2493239375.0,46.02600559632645,12.569072029276834,,,0.24168485136877038,0.5427580262043207,-0.3010731748355503,15.521328775613807,13.214500000000001,10.907671224386196,12.520000000000001,12.384000000000004,13.214500000000001,290576634.0,0.70137380695242
2022-01-14,12.36,13.18,12.2,12.2,330097199.0,4136290667.0,46.502603347908284,12.533922312202849,,,0.18385296522451533,0.4709770140083596,-0.2871240487838443,15.493681508655705,13.2375,10.981318491344297,12.430000000000001,12.417000000000003,13.2375,259601713.25,1.2715524673063767
2022-01-21,12.25,13.5,12.19,13.22,286262655.0,3692929589.0,53.94743465789088,12.599263044374005,,,0.2178154137983963,0.420344693966367,-0.20252928016797067,15.429831589696896,13.1995,10.969168410303105,12.462,12.573000000000004,13.1995,267364747.5,1.0706821212471176
2022-01-28,13.11,13.41,12.41,12.54,215071990.0,2786592892.0,49.04706685152514,12.593618944909814,,,0.1876969286206851,0.3738151408972306,-0.1861182122765455,15.185622382372276,13.0815,10.977377617627724,12.46,12.604000000000003,13.0815,258808671.0,0.8310076674363047
2022-02-04,13.11,13.41,12.41,12.54,0.0,0.0,49.04706685152515,12.588512378727927,,,0.16196082851141647,0.3314442784200678,-0.16948344990865133,14.897320128557569,12.962,11.02667987144243,12.528000000000002,12.64,12.962,207857961.0,0.0
2022-02-11,12.8,14.49,12.71,14.15,437431537.0,5998885992.0,59.2189734592632,12.737225485515744,,,0.2683845583003208,0.3188323343961184,-0.05044777609579759,14.798197449882691,12.9375,11.076802550117309,12.930000000000001,12.725000000000001,12.9375,234691545.5,1.8638572432086182
2022-02-18,14.18,14.57,13.6,14.51,216416866.0,3031608024.0,61.089489395038186,12.906061153561863,,,0.3774244086101426,0.33055074923892325,0.046873659371219345,14.729135100151755,12.922999999999998,11.116864899848242,13.392000000000001,12.911000000000001,12.922999999999998,217230098.25,0.9962563555577639
2022-02-25,14.53,15.08,13.5,14.09,413682715.0,6015378020.0,57.76083870468264,13.01881723417502,,,0.42504908439578415,0.34945041627029544,0.07559866812548871,14.665193390955602,12.907,11.148806609044398,13.566000000000003,13.014000000000001,12.907,266882779.5,1.550053981658266
2022-03-04,14.0,15.47,14.0,15.2,376533101.0,5544814252.0,63.43187912764977,13.226548926158351,,,0.5460650089070906,0.38877333479765447,0.15729167410943617,14.84306098745548,12.940999999999999,11.038939012544517,14.098000000000003,13.279000000000002,12.940999999999999,361016054.75,1.0429815960975626
2022-03-11,15.65,15.84,14.13,14.68,413265963.0,6142936379.0,59.40789144020157,13.364972837952793,,,0.5931736106306822,0.42965338996426,0.1635202206664222,14.97036068885365,12.973999999999998,10.977639311146348,14.526000000000002,13.527000000000001,12.973999999999998,354974661.25,1.164212570961359
2022-03-18,14.41,15.05,13.21,14.42,312966059.0,4364605147.0,57.44561304569531,13.465451615290622,,,0.6025815053072208,0.46423901303285214,0.13834249227436862,15.14894680143543,13.0695,10.990053198564569,14.580000000000002,13.755,13.0695,379111959.5,0.8255240995635222
2022-03-25,14.31,15.52,14.31,15.3,258927331.0,3910227423.0,62.01842611662833,13.640170509072467,,,0.6732847674577034,0.5060481639178224,0.167236603539881,15.457690325688308,13.241,11.024309674311692,14.738000000000003,14.065000000000001,13.241,340423113.5,0.7606044382177357
2022-04-01,15.45,16.85,15.3,16.46,399448354.0,6490022047.0,67.04548562970332,13.908725698684613,,,0.8135419128182502,0.5675469136979079,0.24599499912034228,15.98215893137562,13.481,10.97984106862438,15.212,14.389000000000001,13.481,346151926.75,1.1539683102457265
2022-04-08,16.35,17.0,15.65,16.96,209852412.0,3423460508.0,68.95295692953287,14.19932325119084,,,0.9540448966441097,0.6448465102871482,0.3091983863569615,16.5705255869866,13.717499999999998,10.864474413013392,15.563999999999998,14.831000000000003,13.717499999999998,295298539.0,0.7106449382060777
2022-04-15,16.8,19.13,16.56,17.55,418553222.0,7412274138.0,71.08014504179161,14.518435322505999,,,1.1003188025288253,0.7359409687354836,0.36437783379334165,17.197886672969666,13.985999999999999,10.77411332703033,16.137999999999998,15.332000000000004,13.985999999999999,321695329.75,1.3010857892319154
2022-04-22,17.08,17.93,16.33,16.57,321981672.0,5465712514.0,63.319753779801644,14.713822434648284,13.128200000000001,,1.1242049817544135,0.8135937713392696,0.31061121041514395,17.533370417140745,14.149499999999998,10.765629582859251,16.568,15.574000000000003,14.149499999999998,337458915.0,0.954135919034766
2022-04-29,16.34,17.59,15.1,17.21,426075929.0,6914772624.0,65.93538984791326,14.951553631348448,13.288270588235296,,1.1811619030080305,0.8871073976730217,0.29405450533500876,17.93647105916868,14.377499999999998,10.818528940831314,16.95,15.844000000000005,14.377499999999998,344115808.75,1.2381759807772854
2022-05-06,17.21,17.55,16.3,16.8,115412133.0,1953830120.0,62.84370360892426,15.127596142648596,13.42598546712803,,1.1796191842978079,0.945609754997979,0.23400942929982893,18.218667347016307,14.564499999999999,10.910332652983689,17.017999999999997,16.115000000000006,14.564499999999999,320505739.0,0.36009381098789
2022-05-13,16.5,16.98,15.61,16.87,281720631.0,4566273642.0,63.16130321809078,15.293539367158253,13.56104486057399,,1.1705515934644701,0.9905981226912772,0.1799534707731929,18.443523204949777,14.780499999999998,11.11747679505022,17.0,16.282000000000007,14.780499999999998,286297591.25,0.9840132771288204
2022-05-20,17.06,18.07,16.54,17.83,217983092.0,3758194370.0,67.29061601707822,15.535107046476515,13.728454866041677,,1.2266889329145378,1.0378162847359294,0.1888726481786085,18.753729134159315,15.061999999999998,11.37027086584068,17.056,16.59700000000001,15.061999999999998,260297946.25,0.8374368493504777
2022-05-27,18.0,19.68,17.88,19.36,326406082.0,6113808364.0,72.56817511412004,15.899382565859703,13.949299773255728,,1.3787430999148516,1.1060016477717138,0.2727414521431377,19.308167177870267,15.422999999999998,11.53783282212973,17.614,17.091000000000008,15.422999999999998,235380484.5,1.386716841429562
2022-06-03,19.38,19.42,18.54,18.75,228947552.0,4340574753.0,67.86663502040761,16.17086994053973,14.137562527245699,,1.4335007167964111,1.1715014615766532,0.26199925521975787,19.597802821458213,15.750499999999999,11.903197178541784,17.922000000000004,17.436000000000007,15.750499999999999,263764339.25,0.8680004000957836
2022-06-10,18.84,21.49,18.79,21.3,313619386.0,6318836986.0,75.12258424675493,16.659358517631187,14.418442428138023,,1.663484596497959,1.2698980885609144,0.39358650793704464,20.516561324649192,16.1545,11.792438675350805,18.822000000000003,17.92000000000001,16.1545,271739028.0,1.1541197755369905
2022-06-17,21.06,21.93,19.92,20.73,298120536.0,6273546572.0,71.24965001408276,17.047038658809168,14.66595448977967,,1.7792442219450635,1.371767315237744,0.4074769067073194,21.02840768747658,16.564,12.09959231252342,19.594,18.297000000000004,16.564,291773389.0,1.0217536870711674
2022-06-24,20.3,20.36,18.99,19.82,319890285.0,6279619665.0,65.4484211755817,17.311130215113057,14.868073921553016,,1.7770702051649323,1.4528278932231817,0.32424231194175057,21.203832550509986,16.927999999999997,12.652167449490006,19.992,18.524000000000004,16.927999999999997,290144439.75,1.1025208178231167
2022-07-01,19.81,22.01,19.78,21.76,280336261.0,5907573428.0,70.88999539426689,17.734832099388004,15.138345532472506,14.114000000000003,1.909873238113093,1.544236962201164,0.36563627591192893,21.87246877728151,17.3085,12.744531222718486,20.472,19.043000000000003,17.3085,302991617.0,0.9252277794867176
2022-07-08,21.75,23.11,19.75,20.03,368316361.0,7963230453.0,61.57672330030511,17.95341951849391,15.330175119434369,14.307967213114756,1.8541505632079414,1.6062196824025194,0.24793088080542192,22.1055727709251,17.5845,13.063427229074897,20.728,19.325000000000003,17.5845,316665860.75,1.1631072580027084
2022-07-15,19.95,20.55,19.0,19.24,253313825.0,5024183381.0,57.839835455572874,18.07595099292306,15.483501585338903,14.469673206127387,1.7263433328610773,1.630244412494231,0.09609892036684631,22.117593993821238,17.842,13.566406006178761,20.316000000000003,19.569000000000003,17.842,305464183.0,0.8292750479358164
2022-07-22,19.53,20.29,18.31,18.62,225149338.0,4362384714.0,55.01790183179715,18.127765184073247,15.60650152316875,14.60574949445108,1.5570773451777988,1.6156109990309446,-0.058533653853145795,22.122594140544813,18.012999999999998,13.903405859455184,19.894000000000002,19.744000000000003,18.012999999999998,281778946.25,0.7990282489034611
2022-07-29,18.6,19.85,18.56,19.11,154896320.0,2993898789.0,56.81130883885399,18.221311357018653,15.743893620299389,14.753429838895308,1.4458053907800377,1.5816498773807632,-0.13584448660072557,22.070046766759596,18.2345,14.398953233240405,19.752000000000002,19.872000000000003,18.2345,250418961.0,0.6185486888910141
2022-08-05,19.08,19.61,18.21,18.55,206632547.0,3927241357.0,54.15397496620087,18.25261503730259,15.853937007738628,14.877907549095461,1.2974777297472642,1.5248154478540634,-0.22733771810679926,21.85430865876501,18.441,15.027691341234988,19.11,19.791000000000004,18.441,209998007.5,0.983973845561368
2022-08-12,18.4,21.02,18.3,20.91,185003321.0,3721705437.0,62.18214985213376,18.50569931946425,16.052213987827308,15.075681072075938,1.3547426365763187,1.4908008855985144,-0.13605824902219577,21.974494159232428,18.7215,15.46850584076757,19.285999999999998,20.007,18.7215,192920381.5,0.9589620317021817
2022-08-19,20.95,21.6,20.44,21.08,164549068.0,3450101529.0,62.68899314986315,18.750870812848607,16.24938206673604,15.272543987745578,1.3977308953560446,1.4721868875500204,-0.0744559921939758,22.18640707967932,18.9525,15.71859292032068,19.654,19.985000000000003,18.9525,177770314.0,0.9256273688080452
2022-08-26,21.32,24.01,21.32,22.64,365803947.0,8239269213.0,67.05271326150502,19.121264068767786,16.499994534707174,15.514099922573592,1.5399270423161617,1.4857349185032487,0.05419212381291305,22.709402388492965,19.2365,15.763597611507036,20.458,20.176000000000005,19.2365,230497220.75,1.5870210747432625
2022-09-02,22.6,24.2,21.81,23.11,330804499.0,7542908647.0,68.2572563050341,19.501143681266093,16.759210435306894,15.763145826751508,1.671278131332592,1.5228435610691173,0.14843457026347462,23.28064643900101,19.5145,15.748353560998993,21.258,20.505000000000006,19.5145,261540208.75,1.2648322817399296
2022-09-09,23.47,25.37,23.12,25.03,276740321.0,6823541801.0,72.65533791081637,20.027701425907416,17.083555124118387,16.066977111120313,1.908305017241961,1.5999358523036862,0.30836916493827493,24.158669861543135,19.9375,15.716330138456865,22.554,20.832000000000008,19.9375,284474458.75,0.9728125407673353
2022-09-16,25.03,25.18,22.43,22.62,245652287.0,5822935098.0,61.1941590714877,20.274587004392423,17.300670609447078,16.281830320591776,1.8800120644103622,1.6559510947250213,0.22406096968534084,24.388538721265466,20.208000000000002,16.02746127873454,22.896,21.091000000000008,20.208000000000002,304750263.5,0.8060773571734746
2022-09-23,22.84,23.89,22.5,23.11,216819437.0,5020867403.0,62.48977175213232,20.54462633730743,17.52848744829229,16.50570473631008,1.8755089012014388,1.6998626560203047,0.17564624518113403,24.578148073507734,20.523500000000002,16.46885192649227,23.302,21.47800000000001,20.523500000000002,267504136.0,0.8105274192844629
2022-09-30,22.72,23.34,21.5,22.77,191402805.0,4334516355.0,60.968690278046445,20.756566686135294,17.734036960123962,16.711091466267124,1.8234849539442912,1.724587115605102,0.09889783833918919,24.617422347192708,20.8185,17.019577652807293,23.328,21.893000000000008,20.8185,232653712.5,0.8226939641034097
2022-10-07,22.72,23.34,21.5,22.77,0.0,0.0,60.968690278046445,20.948322239836696,17.931525706785767,16.909744205078038,1.7619449957918896,1.7320586916424596,0.029886304149429943,24.693615075352493,21.0655,17.437384924647507,23.259999999999998,22.25900000000001,21.0655,163468632.25,0.0
2022-10-14,22.91,23.8,21.26,21.87,241546413.0,5382682735.0,56.7294769037467,21.036101074137964,18.085975679068678,17.072375542616463,1.6218559118173062,1.7100181356774289,-0.08816222386012273,24.747390867157335,21.191,17.634609132842662,22.628,22.59100000000001,21.191,162442163.75,1.4869686996520324
2022-10-21,21.48,22.12,20.5,21.62,267962787.0,5757573329.0,55.57355427134459,21.091710495648634,18.22456486812481,17.221477983842153,1.4736737985971367,1.6627492682613705,-0.18907546966423383,24.71246669610586,21.3345,17.956533303894137,22.428,22.662000000000013,21.3345,175228001.25,1.5292235549596558
2022-10-28,21.63,22.33,20.13,21.41,265070617.0,5586561199.0,54.56773515331,21.122023781777337,18.349483892904228,17.35880657453585,1.3240305611899146,1.5950055268470793,-0.2709749656571647,24.7180822962148,21.34,17.9619177037852,22.088,22.695000000000014,21.34,193644954.25,1.3688485611548022
2022-11-04,21.16,21.43,18.6,20.86,450539080.0,8949474972.0,51.917446862005775,21.09706913589378,18.4479355049472,17.47359980160025,1.1478253972818067,1.5055695009340249,-0.3577441036522182,24.720359955599832,21.3465,17.972640044400165,21.706,22.517000000000014,21.3465,306279724.25,1.4710052423589381
2022-11-11,20.79,22.46,19.88,20.89,276406783.0,5791771710.0,52.05423570742165,21.077348265808656,18.54370274004731,17.58561292285926,0.9990854495215302,1.404272690651526,-0.4051872411299957,24.70864322646013,21.4,18.091356773539868,21.330000000000002,22.29500000000001,21.4,314994816.75,0.8774962897861716
2022-11-18,20.89,21.35,18.87,19.28,346663608.0,6855146616.0,44.70403508002069,20.906172240493547,18.572577142398394,17.64116659751961,0.7427326648145183,1.2719646854841244,-0.5292320206696062,24.70507801019457,21.276,17.84692198980543,20.812,21.72000000000001,21.276,334670022.0,1.035837049067992
2022-11-25,18.99,20.66,18.72,20.58,286154366.0,5625083715.0,50.7510650600145,20.8751082175894,18.65129960740238,17.73752179104356,0.6371259797612794,1.1449969443395553,-0.507870964578276,24.700841754960813,21.3035,17.906158245039187,20.604,21.51600000000001,21.3035,339940959.25,0.8417766621337202
2022-12-02,20.08,20.67,19.13,19.17,399514895.0,7942761314.0,45.00266063167434,20.712716958771363,18.671640799268953,17.78448828969787,0.4346463720442273,1.0029268298804896,-0.5682804578362624,24.70597122712452,21.3,17.89402877287548,20.156,21.122000000000007,21.3,327184913.0,1.2210675954975956
2022-12-09,19.37,20.05,19.18,19.68,337257263.0,6579253069.0,47.32662286062197,20.6143629626979,18.71118429733684,17.846636214625807,0.3117390284249488,0.8646892695893815,-0.5529502411644327,24.620690927857186,21.353,18.085309072142817,19.919999999999998,20.81300000000001,21.353,342397533.0,0.9849874210396253
2022-12-16,19.49,19.63,18.75,19.12,316529313.0,6020652543.0,45.07435795948813,20.472042680536195,18.727216285676572,17.888385846933158,0.16721915489502948,0.7251952466505112,-0.5579760917554817,24.6198207129736,21.3535,18.0871792870264,19.566,20.448000000000008,21.3535,334863959.25,0.9452474781368996
2022-12-23,19.01,19.2,17.8,18.32,161915398.0,2992640280.0,41.9993703067748,20.267086234770844,18.71124701957161,17.90253713064027,-0.011731961459123141,0.5778098050285843,-0.5895417664877074,24.649086935658076,21.342,18.03491306434192,19.374000000000002,20.093000000000007,21.342,303804217.25,0.532959678656337
2022-12-30,18.32,19.18,18.27,18.58,155577034.0,2899470285.0,43.35196208530092,20.106411355268857,18.706100077627625,17.924749027996327,-0.13106138924133148,0.4360355661746011,-0.5670969554159326,24.742734567099603,21.225499999999997,17.70826543290039,18.974,19.789000000000005,21.225499999999997,242819752.0,0.640709961683842
2023-01-06,18.43,19.01,17.94,18.96,163123884.0,3017851054.0,45.3576276276745,19.99722932143373,18.716056937328503,17.95869168281612,-0.19274613876595126,0.3102792251864906,-0.5030253639524418,24.773026926135966,21.119499999999995,17.465973073864024,18.932,19.544000000000004,21.119499999999995,199286407.25,0.818539940836833
2023-01-13,19.08,19.9,18.77,19.73,226428208.0,4388105021.0,49.27661347009784,19.97177890986861,18.755819410374443,18.016767365346738,-0.17745360760984852,0.21273265862722276,-0.3901862662370713,24.605437181062086,20.973999999999997,17.342562818937907,18.942,19.431000000000004,20.973999999999997,176761131.0,1.280984154825305
2023-01-20,19.72,20.19,19.28,20.02,197236189.0,3906250385.0,50.710422142009406,19.976371394643028,18.805395119771525,18.08244712385996,-0.1403161133125046,0.1421229042392773,-0.2824390175517819,24.335375282202133,20.819499999999998,17.303624717797863,19.121999999999996,19.344,20.819499999999998,185591328.75,1.0627446353686392
2023-01-27,19.72,20.19,19.28,20.02,0.0,0.0,50.71042214200939,19.980526499915122,18.853026683702055,18.14597344766783,-0.10962074184521242,0.09177417502237933,-0.20139491686759176,23.517314094529308,20.568999999999996,17.620685905470683,19.461999999999996,19.418000000000003,20.568999999999996,146697070.25,0.0
2023-02-03,20.1,20.14,19.15,19.26,166256230.0,3240934277.0,46.69834383416861,19.911904928494636,18.86898642159609,18.182498908400035,-0.14494920303926762,0.04442949941004994,-0.18937870244931757,23.24371630663358,20.400999999999993,17.558283693366405,19.598,19.286,20.400999999999993,147480156.75,1.127312539285052
2023-02-10,19.09,19.49,18.8,18.81,123967335.0,2364654549.0,44.45558729310036,19.806961601971338,18.866673228592322,18.203072714682,-0.2068737899800297,-0.005831158467965984,-0.20104263151206372,22.819373501803405,20.185999999999993,17.55262649819658,19.568,19.25,20.185999999999993,121864938.5,1.017251857063055
2023-02-17,18.72,18.83,18.2,18.5,171686214.0,3191969909.0,42.92613374512895,19.68248906845026,18.852293886294586,18.2128080355121,-0.27776201291105806,-0.0602173293565844,-0.21754468355447365,22.41901486813395,19.972499999999993,17.525985131866037,19.322,19.131999999999998,19.972499999999993,115477444.75,1.4867510652984033
2023-02-24,18.71,20.31,18.55,19.72,317135637.0,6219293538.0,50.18914556607492,19.686061538121663,18.88632157702813,18.26222416549531,-0.23281390252469691,-0.0947366439902069,-0.13807725853449002,21.903257065270736,19.819999999999993,17.73674293472925,19.262,19.192,19.819999999999993,194761354.0,1.628329391261061
2023-03-03,19.78,20.49,19.74,19.96,174340916.0,3498254979.0,51.49677934061204,19.71215091544341,18.928426613223106,18.317888946954483,-0.17579969749236923,-0.11094925469063936,-0.06485044280172987,21.58646106296572,19.724499999999992,17.862538937034262,19.25,19.356,19.724499999999992,196782525.5,0.8859573051876499
2023-03-10,19.93,20.2,19.3,19.34,213333931.0,4197553858.0,47.99173346966757,19.676707971115466,18.944566746037886,18.351400784759253,-0.1785857226380685,-0.1244765482801252,-0.054109174357943296,21.261529678715956,19.61049999999999,17.959470321284027,19.266,19.432000000000002,19.61049999999999,219124174.5,0.9735755148275527
2023-03-17,19.39,20.0,18.75,18.96,163298354.0,3146586856.0,45.92839035612734,19.608450069104467,18.945171971683457,18.3713548573901,-0.20904673125491868,-0.14139058487508388,-0.0676561463798348,20.938125511809602,19.48799999999999,18.037874488190376,19.296,19.432000000000002,19.48799999999999,217027209.5,0.7524326298818306
2023-03-24,19.06,19.52,18.57,19.21,150931986.0,2874988727.0,47.52678417723485,19.57050244347547,18.955557384558617,18.39885141944288,-0.2105868749717672,-0.15522984289442054,-0.05535703207734666,20.714934610815536,19.405499999999986,18.096065389184435,19.438,19.380000000000003,19.405499999999986,175476296.75,0.8601274861358162
2023-03-31,19.27,20.59,18.93,20.34,188581482.0,3733914212.0,54.127486523130074,19.643787925049235,19.00984925183083,18.462495635198852,-0.11925123970751272,-0.148034122257039,0.028782882549526267,20.58029114610463,19.377999999999986,18.17570885389534,19.562,19.412000000000003,19.377999999999986,179036438.25,1.053313413980408
2023-04-07,20.5,20.76,19.77,19.83,119171003.0,2403987613.0,51.008784655982055,19.66152240837788,19.042012026268836,18.507331843880856,-0.08701675350665639,-0.13583064850696247,0.048813895000306085,20.622635571742737,19.405499999999986,18.188364428257234,19.535999999999998,19.393,19.405499999999986,155495706.25,0.766394171736173
2023-04-14,19.73,19.81,19.13,19.3,152699499.0,2963848638.0,47.91882681912074,19.62709170281808,19.052129201709274,18.533320963753614,-0.10304937254009872,-0.12927439331358972,0.02622502077349101,20.4329994273937,19.34149999999999,18.25000057260628,19.528,19.397000000000002,19.34149999999999,152845992.5,0.9990415613938979
2023-04-21,19.3,20.65,19.22,19.7,214277338.0,4289722606.0,50.36273146696587,19.63403535016874,19.07753589968146,18.571572735433822,-0.08252735756584428,-0.11992498616404064,0.037397628598196356,20.46726520912887,19.367999999999988,18.268734790871108,19.675999999999995,19.486,19.367999999999988,168682330.5,1.2703010289509842
2023-04-28,19.78,19.87,18.8,19.57,221110772.0,4271258136.0,49.54895331136384,19.627936745390766,19.096848217341012,18.604308055583534,-0.07587874346845425,-0.11111573762492336,0.03523699415646911,20.456554386217466,19.362499999999986,18.268445613782507,19.747999999999998,19.593,19.362499999999986,176814653.0,1.2505228964253319
2023-05-05,19.4,19.97,18.87,19.82,82516916.0,1612822413.0,51.182580343905556,19.64622848392498,19.12520711077862,18.644166807859484,-0.04986198036117173,-0.09886498617217303,0.049003005811001296,20.50301119397385,19.397499999999987,18.291988806026122,19.643999999999995,19.603,19.397499999999987,167651131.25,0.49219420939636516
2023-05-12,19.73,21.18,19.73,20.14,234778590.0,4832488387.0,53.268451853932156,19.69325434259879,19.16500291035593,18.693210519077205,-0.0033831832787001304,-0.07976862559347844,0.07638544231477831,20.521500968054678,19.488499999999984,18.45549903194529,19.705999999999996,19.621,19.488499999999984,188170904.0,1.247688059148613
2023-05-19,20.0,20.84,19.86,20.3,147707720.0,3013464820.0,54.319442416287075,19.75103964330367,19.209512600145896,18.745892141402543,0.04583391623923205,-0.05464811722693634,0.1004820334661684,20.576567363005832,19.574499999999986,18.57243263699414,19.905999999999995,19.717,19.574499999999986,171528499.5,0.8611264042451441
2023-05-26,20.43,20.45,17.76,17.93,249046013.0,4728318943.0,39.97727271380264,19.57760729632237,19.159335635434292,18.719141579389344,-0.10518783104716434,-0.06475605999098194,-0.0404317710561824,20.73084270499152,19.52299999999999,18.315157295008458,19.551999999999992,19.613999999999997,19.52299999999999,178512309.75,1.395119548611409
2023-06-02,17.75,17.85,16.6,16.99,281730945.0,4825497836.0,35.925655181371894,19.33116850619643,19.074263649730987,18.662448412851987,-0.2972967460886764,-0.11126419721052083,-0.18603254887815557,21.016477230752155,19.38599999999999,17.755522769247822,19.035999999999994,19.392,19.38599999999999,228315817.0,1.233952814578764
2023-06-09,16.96,17.98,16.96,17.75,182284834.0,3205541128.0,41.121349020225075,19.18058102941582,19.022331741898398,18.632532071447002,-0.3837946510803043,-0.16577028798447754,-0.21802436309582676,21.022309989685027,19.272499999999987,17.522690010314946,18.621999999999993,19.133,19.272499999999987,215192378.0,0.8470784871386104
2023-06-16,17.74,18.15,17.51,17.97,155702016.0,2774241780.0,42.57302304105839,19.065287598042882,18.9810638304514,18.61080970844874,-0.42964007919533387,-0.2185442462266488,-0.21109583296868506,20.97204328471909,19.169999999999987,17.367956715280886,18.18799999999999,18.947,19.169999999999987,217190952.0,0.716889974311637
2023-06-23,17.97,18.12,17.67,17.67,57675889.0,1030692813.0,41.085435918116715,18.93240306489594,18.929649562590562,18.5799634884996,-0.4845943025994721,-0.27175425750121346,-0.21284004509825866,21.006344200346422,19.090499999999988,17.174655799653554,17.661999999999992,18.784,19.090499999999988,169348421.0,0.34057529830762345
2023-06-30,17.6,18.26,17.14,18.19,165792425.0,2949327387.0,44.692849814339844,18.861698011096326,18.900643697390933,18.567177800352074,-0.4806456821599845,-0.3135325424329677,-0.1671131397270168,21.012205558962016,19.05949999999999,17.106794441037962,17.71399999999999,18.633,19.05949999999999,140363791.0,1.1811623483438118
2023-07-07,18.18,19.24,18.15,19.13,170664559.0,3214288642.0,50.58339393632072,18.887250581468106,18.909638062199132,18.585630987225777,-0.3970888350104147,-0.33024380094845707,-0.06684503406195763,21.02683986941103,19.090999999999987,17.155160130588943,18.141999999999992,18.589,19.090999999999987,137458722.25,1.2415695141528205
2023-07-14,19.23,19.48,16.52,16.68,224357830.0,4009319506.0,38.94178717506955,18.677036240375905,18.822201275446226,18.52315128272657,-0.5225404352777261,-0.36870312781431086,-0.15383730746341523,21.11581326714098,18.93899999999999,16.762186732859,17.92799999999999,18.275,18.93899999999999,154622675.75,1.451002117973631
2023-07-21,16.59,16.64,16.17,16.19,101171260.0,1652119658.0,37.102607854368976,18.440175646054392,18.71897769601696,18.446654519358486,-0.6539621684184702,-0.42575493593514274,-0.22820723248332747,21.17934725744551,18.75049999999999,16.321652742554473,17.571999999999992,17.880000000000003,18.75049999999999,165496518.5,0.6113195668221867
2023-07-28,16.16,16.74,16.05,16.53,108468838.0,1785233940.0,39.246710222490385,18.258254155953974,18.63313543342806,18.38381338757624,-0.7223528463102937,-0.48507451801017293,-0.2372783283001208,21.20556544899187,18.609999999999992,16.014434551008115,17.34399999999999,17.503,18.609999999999992,151165621.75,0.7175496435253473
2023-08-04,16.58,16.76,15.93,16.08,149235886.0,2421480008.0,37.42814268679939,18.050801379196454,18.53301247525441,18.308278522409804,-0.8036007808829702,-0.5487797705847324,-0.2548210102982378,21.278418176587643,18.46599999999999,15.653581823412337,16.92199999999999,17.318,18.46599999999999,145808453.5,1.0235064045857944
2023-08-11,16.08,16.91,15.98,16.23,128942256.0,2102776734.0,38.4519167817957,17.877391724034887,18.44269826053855,18.240138242986532,-0.8461329144554881,-0.6082503993588835,-0.23788251509660463,21.268291920498648,18.316999999999993,15.365708079501339,16.34199999999999,17.241999999999997,18.316999999999993,121954560.0,1.0572975377058471
2023-08-18,16.14,16.34,15.83,16.12,106587904.0,1717148808.0,37.961400502012616,17.710021083650613,18.35161205424292,18.170625513708284,-0.8785881995683695,-0.6623179594007806,-0.2162702401675889,21.05199660556493,18.105999999999995,15.160003394435059,16.229999999999997,17.079,18.105999999999995,123308721.0,0.8643987475954762
2023-08-25,16.08,16.66,15.85,16.4,140178684.0,2292241509.0,40.057539264104456,17.585257170921984,18.275078248194177,18.112572218176865,-0.8716675460292471,-0.704187876726474,-0.16747966930277314,20.858350030353865,17.934499999999993,15.010649969646119,16.272,16.922,17.934499999999993,131236182.5,1.0681405183360924
2023-09-01,17.08,17.79,16.56,17.68,285999566.0,4876920941.0,48.60632343383885,17.594280297500845,18.25174184630421,18.098389522498934,-0.7542035861791732,-0.7141910186170138,-0.04001256756215932,20.71054235180377,17.853499999999993,14.996457648196218,16.502,16.923000000000002,17.853499999999993,165427102.5,1.728855560412176
2023-09-08,17.7,18.69,17.7,18.15,253112692.0,4611415863.0,51.349953877234874,17.647205983453144,18.247751969978555,18.10008166930225,-0.6160856280495821,-0.6945699405035275,0.07848431245394538,20.50992318838705,17.775999999999993,15.042076811612937,16.915999999999997,16.919000000000004,17.775999999999993,196469711.5,1.2883038818937746
2023-09-15,18.11,18.87,17.84,18.25,248680757.0,4563954616.0,51.937857154811894,17.70461493740999,18.247840128018613,18.104997024407094,-0.4928754257765462,-0.6542310375581313,0.16135561178158508,20.32880888955269,17.709999999999994,15.091191110447298,17.319999999999997,16.831000000000003,17.709999999999994,231992924.75,1.0719325051312798
2023-09-22,18.36,19.09,18.24,18.72,200359581.0,3750176725.0,54.70814727285516,17.801318276704276,18.266356201429648,18.125161056393747,-0.3532335245566287,-0.5940315349578308,0.24079801040120208,20.136866233301106,17.654999999999994,15.17313376669888,17.839999999999996,17.035000000000004,17.654999999999994,247038149.0,0.8110471269763279
2023-09-29,18.8,18.98,18.36,18.46,99802202.0,1854271410.0,52.891914194311376,17.864049869399107,18.273950075883388,18.136139382413624,-0.26054276406174637,-0.5273337807786139,0.26679101671686756,19.81287332380758,17.570999999999994,15.329126676192407,18.252,17.262000000000004,17.570999999999994,200488808.0,0.49779438062198467
2023-10-06,18.8,18.98,18.36,18.46,0.0,0.0,52.89191419431136,17.92080702469443,18.28124615133894,18.146757763318096,-0.18495264955365442,-0.45885755453362204,0.2739049049799676,19.39229976741761,17.478999999999992,15.565700232582373,18.407999999999998,17.455000000000005,17.478999999999992,137210635.0,0.0
2023-10-13,18.45,18.99,18.16,18.49,113197372.0,2094309437.0,53.10027075631682,17.975015879485436,18.28943257677663,18.15801160714373,-0.12122874047120291,-0.3913317917211382,0.2701030512499353,19.461820707891132,17.506999999999994,15.552179292108857,18.475999999999996,17.696000000000005,17.506999999999994,103339788.75,1.0953900077524592
2023-10-20,18.59,18.92,18.2,18.2,125432478.0,2330082181.0,50.76294131280491,17.99644293858206,18.285925416903037,18.15938827576197,-0.09305497990266076,-0.3316764293574427,0.23862144945478192,19.529456931229692,17.567499999999992,15.605543068770292,18.465999999999998,17.893000000000004,17.567499999999992,84608013.0,1.4825129860927002
2023-10-27,18.18,18.44,17.8,17.9,108316376.0,1962554563.0,48.390001253918776,17.98725789681234,18.270791086828407,18.15088374213043,-0.09385268908796363,-0.28411168130354686,0.19025899221558323,19.540833156704895,17.574999999999992,15.609166843295089,18.302,18.071000000000005,17.574999999999992,86736556.5,1.2487972819165354
2023-11-03,17.87,18.38,17.52,17.98,126723230.0,2271217552.0,49.07365455806007,17.986566668544498,18.25938751479592,18.145280996486807,-0.08702636222074389,-0.24469461748698626,0.15766825526624237,19.541739812433832,17.575499999999995,15.609260187566157,18.205999999999996,18.229000000000003,17.575499999999995,118417364.0,1.0701406087708556
2023-11-10,17.98,18.54,17.38,18.5,160359943.0,2860944188.0,53.39512417351925,18.035465081064068,18.268823298529416,18.156911127749535,-0.03920486553308322,-0.20359666709620566,0.16439180156312244,19.624078473802097,17.616999999999994,15.60992152619789,18.214,18.311,17.616999999999994,130208006.75,1.2315674512082184
2023-11-17,18.46,18.62,18.12,18.48,111015932.0,2038744807.0,53.20810845608494,18.077801740010347,18.277104737802773,18.16750420552824,-0.002886543449779566,-0.16345464236692045,0.16056809891714088,19.659013501804555,17.631499999999996,15.603986498195436,18.212,18.344,17.631499999999996,126603870.25,0.876876289648815
2023-11-24,18.47,19.46,18.21,19.25,133544819.0,2511483775.0,59.14151586788803,18.189439669533172,18.315257493183058,18.202995870920756,0.08702537890550843,-0.11335863811243467,0.20038401701794312,19.683343346886442,17.637499999999996,15.591656653113548,18.422,18.444,17.637499999999996,132910981.0,1.00476889114226
2023-12-01,19.36,19.72,19.08,19.55,187097051.0,3634288015.0,61.205556792848924,18.319016843863345,18.36367876796019,18.247159940726632,0.18040907443850784,-0.05460509560224616,0.235014170040754,19.93768171040596,17.780999999999995,15.62431828959403,18.752000000000002,18.527,17.780999999999995,148004436.25,1.2641313716027212
2023-12-08,19.5,19.96,18.87,19.24,166003861.0,3238701437.0,57.94794580106151,18.40672952540017,18.398044306471558,18.279712073817564,0.2267876498624979,0.0016734534907026453,0.22511419637179525,20.0495649800986,17.933499999999995,15.817435019901387,19.003999999999998,18.605,17.933499999999995,149415415.75,1.111022314308957
2023-12-15,19.26,19.85,19.01,19.4,101091446.0,1975298989.0,59.156251798015504,18.501326713457296,18.437336686609928,18.316442825495677,0.2733031987005248,0.055999402532667074,0.2173037961678577,20.182118523979177,18.07699999999999,15.971881476020805,19.183999999999997,18.699,18.07699999999999,146934294.25,0.6880044343357915
2023-12-22,19.27,20.81,19.12,20.5,154628880.0,3096468768.0,66.32107287535499,18.691676550270888,18.518225443997775,18.388034864004016,0.39438172615253464,0.12367586725664059,0.27070585889589405,20.445729964404222,18.297999999999995,16.150270035595767,19.587999999999997,18.9,18.297999999999995,152205309.5,1.0159230351947741
2023-12-29,20.48,21.36,20.2,20.89,178192310.0,3682904441.0,68.43523790537313,18.901040688340327,18.611236210899822,18.470066507807164,0.5158605527755888,0.20211280436043025,0.3137477484151586,20.74096742057441,18.53099999999999,16.321032579425573,19.915999999999997,19.169,18.53099999999999,149979124.25,1.188114085150754
2024-01-05,20.7,22.36,20.68,22.12,191692637.0,4160977573.0,73.9824231660799,19.207608241831725,18.748834790864535,18.589736458370865,0.7032771770212811,0.30234567889260044,0.4009314981286807,21.2677100771327,18.830999999999992,16.394289922867284,20.43,19.591,18.830999999999992,156401318.25,1.225645916190991
2024-01-12,22.04,22.99,21.85,22.5,195100471.0,4348155487.0,75.4196376937226,19.521169361657275,18.89593930886985,18.71794182039149,0.8724123991280628,0.4163590229396929,0.4560533761883699,21.79604060119394,19.135999999999992,16.475959398806044,21.082,20.043,19.135999999999992,179903574.5,1.084472454436974
2024-01-19,22.41,23.33,22.22,22.72,232231309.0,5310096945.0,76.2380289536609,19.825819898642298,19.045902473227894,18.849156842673736,1.012533585688896,0.5355939354895335,0.47693965019936246,22.38246556166536,19.387999999999995,16.39353443833463,21.746,20.465,19.387999999999995,199304181.75,1.1652104183709633
2024-01-26,22.72,24.04,22.32,24.0,189547054.0,4396437914.0,80.33949674407431,20.223360860676365,19.240180807611114,19.01803694619263,1.2128845599381108,0.6710520603792489,0.5418324995588619,23.22622686483318,19.680499999999995,16.13477313516681,22.445999999999998,21.017000000000003,19.680499999999995,202142867.75,0.9376885571566251
2024-02-02,24.0,24.42,23.36,24.05,178024425.0,4256822075.0,80.48122424705069,20.587802683469093,19.428801168096953,19.18301934139943,1.360021254179653,0.8088458991393297,0.5511753550403233,23.925878490106857,19.970499999999994,16.01512150989313,23.077999999999996,21.497000000000003,19.970499999999994,198725814.75,0.8958293879632968
2024-02-09,24.05,24.71,23.32,24.19,202721388.0,4865215587.0,80.89647996200736,20.930869094567274,19.615514847779426,19.347182641681414,1.4709685644352213,0.941270432198508,0.5296981322367132,24.55606400694605,20.243999999999996,15.931935993053944,23.491999999999997,21.961000000000002,20.243999999999996,200631044.0,1.0104188462479415
2024-02-16,24.05,24.71,23.32,24.19,0.0,0.0,80.89647996200735,21.241262514132295,19.79490642237631,19.505963538675466,1.5411299207387579,1.061242329906558,0.4798875908321998,25.08497241730584,20.530499999999996,15.976027582694154,23.829999999999995,22.456,20.530499999999996,142573216.75,0.0
2024-02-23,24.09,27.02,23.76,26.65,204252083.0,5255717602.0,86.67397986502355,21.756380369929218,20.06373362149881,19.74019424232545,1.7747762264382345,1.2039491092128933,0.5708271172253412,26.10766097959217,20.939999999999998,15.772339020407829,24.615999999999996,23.181,20.939999999999998,146249474.0,1.3966004623032011
2024-03-01,26.33,27.0,25.01,25.83,196436600.0,5097378445.0,78.1857420339206,22.144344144221673,20.289861714773366,19.93986000487216,1.8721939733373887,1.3375980820377924,0.5345958912995963,26.761162080466608,21.306999999999995,15.852837919533382,24.981999999999996,23.714,21.306999999999995,150852517.75,1.3021764762689882
2024-03-08,25.68,27.88,25.55,27.53,181281626.0,4910603827.0,82.0996460553029,22.657263749533893,20.573788706350882,20.188717053892745,2.0627954106704927,1.4826375477643325,0.5801578629061601,27.663478862440847,21.773499999999995,15.883521137559143,25.677999999999997,24.378,21.773499999999995,145492577.25,1.2459853927015372
2024-03-15,27.34,27.42,24.01,24.71,290108866.0,7329988466.0,62.17222813006516,22.852762440054473,20.73599307080771,20.336955839011015,1.963662116151749,1.5788424614418157,0.3848196547099332,27.85437420383023,22.113999999999997,16.373625796169765,25.782,24.637,22.113999999999997,218019793.75,1.3306537952818331
2024-03-22,24.53,25.68,23.95,25.38,246480820.0,6132671689.0,64.38411956408932,23.093451731477856,20.918110989599562,20.502301549207374,1.9170629581538527,1.6464865607842232,0.2705763973696296,28.06249943981352,22.483999999999995,16.905500560186468,26.02,24.925,22.483999999999995,228576978.0,1.0783274070584659
2024-03-29,25.39,26.42,24.51,25.09,201403718.0,5104584376.0,62.67583179899432,23.283599185622823,21.0817144802035,20.652717891856312,1.8355728718802418,1.6843038230034268,0.15126904887681492,28.1865039084296,22.813499999999994,17.440496091570388,25.708,25.162,22.813499999999994,229818757.5,0.8763589194846291
2024-04-05,24.7,25.84,24.15,25.73,142573044.0,3553018119.0,64.88985204663646,23.51658973937303,21.264000186862187,20.81918615769709,1.8018632843794897,1.7078157152786395,0.09404756910085021,28.303269838812852,23.175999999999995,18.048730161187137,25.688,25.335,23.175999999999995,220141612.0,0.6476424093778327
2024-04-12,25.5,26.58,25.01,25.94,150713333.0,3885042095.0,65.61069206729195,23.747390716575598,21.447372728553866,20.987081693510298,1.7716707211309881,1.7205867164491093,0.05108400468187879,28.438641536116837,23.510499999999993,18.58235846388315,25.369999999999997,25.523999999999997,23.510499999999993,185292728.75,0.8133796399714363
2024-04-19,25.75,27.55,25.75,27.23,150259505.0,4047492954.0,69.72290448930949,24.079067791187445,21.67414242547332,21.191767539624713,1.83073158216272,1.7426156895918314,0.08811589257088848,28.724259724872496,23.894499999999994,19.06474027512749,25.873999999999995,25.827999999999996,23.894499999999994,161237400.0,0.9319147108549257
2024-04-26,27.1,27.64,24.37,25.06,226479197.0,5771942569.0,57.308500907690274,24.17248990631245,21.80692115388613,21.31859483340751,1.6830358854535348,1.730699728764172,-0.04766384331063733,28.53597801971233,24.185499999999994,19.835021980287657,25.809999999999995,25.915,24.185499999999994,167506269.75,1.3520639993835215
2024-05-03,24.82,24.88,23.74,24.53,112444340.0,2731112956.0,54.74464929295909,24.206538486663646,21.913708559616087,21.423886806082674,1.5058607853485775,1.685731940081053,-0.1798711547324756,28.197931841767083,24.441999999999997,20.68606815823291,25.697999999999997,25.702999999999996,24.441999999999997,159974093.75,0.7028909329264446
2024-05-10,24.88,25.35,23.6,24.96,238827887.0,5833668159.0,56.44707600464497,24.278296726029012,22.033170969042907,21.53982494358816,1.3841895726128008,1.6254234665874026,-0.2412338939746017,27.95952576253397,24.664999999999996,21.37047423746602,25.543999999999993,25.615999999999996,24.664999999999996,182002732.25,1.3122214378185524
2024-05-17,24.75,24.91,23.7,24.4,171238366.0,4162437470.0,53.618193420775604,24.289887514026248,22.125987793786322,21.633601174945927,1.2284165190720877,1.5460220770843396,-0.3176055580122519,27.650236464510527,24.840499999999995,22.030763535489463,25.235999999999997,25.302999999999997,24.840499999999995,187247447.5,0.914503072198087
2024-05-24,24.4,26.4,24.39,25.37,166937745.0,4273716706.0,57.583499345983135,24.39275536983327,22.253203958735877,21.756106054455895,1.1697519726333852,1.4707680561941487,-0.3010160835607636,27.525864245257786,25.002999999999993,22.4801357547422,24.863999999999997,25.368999999999996,25.002999999999993,172362084.5,0.9685293925532678
2024-05-31,25.49,26.71,25.42,26.03,152309693.0,3982196339.0,60.08403231768098,24.54868342984915,22.401313607412902,21.896233724801604,1.1631087869890067,1.4092362023531204,-0.24612741536411376,27.459451534572505,25.179499999999997,22.89954846542749,25.057999999999996,25.433999999999997,25.179499999999997,182328422.75,0.8353590224867998
2024-06-07,26.0,27.11,25.48,26.71,166446180.0,4357556154.0,62.53465869013905,24.75452310319685,22.570281701239846,22.054062127267127,1.1988942251651906,1.3671678069155344,-0.1682735817503438,27.452074045952102,25.378999999999994,23.305925954047886,25.493999999999993,25.595999999999997,25.378999999999994,164232996.0,1.013475879110188
2024-06-14,26.69,28.03,26.27,27.38,154548279.0,4210535702.0,64.8260643358327,25.004568521940005,22.75889810511279,22.22868304112722,1.2667159305719977,1.347077431646827,-0.08036150107482931,27.693661669508998,25.547999999999995,23.40233833049099,25.97799999999999,25.761000000000003,25.547999999999995,160060474.25,0.9655617960909547
2024-06-21,27.18,27.88,26.79,27.31,115509663.0,3149789181.0,64.3830155808548,25.224133424612386,22.937372689226017,22.395283597155835,1.2998330395879059,1.3376285532350427,-0.03779551364713685,27.87195256773506,25.71099999999999,23.550047432264922,26.55999999999999,25.898000000000003,25.71099999999999,147203453.75,0.7846939732553659
2024-06-28,27.2,27.78,25.03,25.77,113925336.0,3022935106.0,55.41072978427765,25.276120717506444,23.048456113177938,22.505930036593348,1.1881175775395363,1.3077263580959415,-0.11960878055640523,27.83517969870634,25.789999999999992,23.744820301293643,26.639999999999993,25.752000000000002,25.789999999999992,137607364.5,0.8279014456381075
2024-07-05,25.77,27.25,25.58,26.05,116811121.0,3083617839.0,56.59511343541864,25.349823506315353,23.166163716582723,22.62212905178701,1.1093875992675741,1.2680586063302681,-0.158671007062694,27.793414614684693,25.882999999999992,23.97258538531529,26.643999999999995,25.851000000000006,25.882999999999992,125198599.75,0.9330066089656885
2024-07-12,26.0,26.7,24.65,24.93,126128603.0,3245693639.0,50.7843089709771,25.3098403152377,23.235333766912813,22.697796951728417,0.9457172447893427,1.203590334022083,-0.2578730892327403,27.716396780241467,25.79699999999999,23.877603219758512,26.287999999999993,25.891000000000002,25.79699999999999,118093680.75,1.0680385453224177
2024-07-19,24.81,25.8,24.59,25.4,106355375.0,2684000557.0,52.96667468677019,25.31842695188173,23.320222638798587,22.786393772983224,0.8442009585766037,1.1317124589329872,-0.2875115003563835,27.70255448807248,25.775499999999994,23.84844551192751,25.891999999999996,25.935000000000002,25.775499999999994,115805108.75,0.9183996815684524
2024-07-26,25.33,25.33,23.35,23.76,142312391.0,3408136330.0,45.401412540275174,25.170005337416804,23.337468809826092,22.81831528862312,0.624218672129853,1.0302137015723605,-0.4059950294425074,27.528186235269548,25.586999999999996,23.645813764730445,25.181999999999995,25.871000000000002,25.586999999999996,122901872.5,1.1579350916724234
2024-08-02,23.76,23.95,22.73,23.37,109119209.0,2541876229.0,43.79929691992107,24.998576257662823,23.338744542774087,22.83640331194695,0.41364316369288545,0.9068995939964655,-0.49325643030358,27.659962616495896,25.519999999999996,23.380037383504096,24.701999999999998,25.671000000000003,25.519999999999996,120978894.5,0.9019689711249593
2024-08-09,23.3,23.55,22.29,22.61,113003448.0,2586329583.0,40.77935551699179,24.771092804552076,23.310166325410396,22.82898025253885,0.18332168940531446,0.7621840130782352,-0.5788623236729208,27.869955545112354,25.381499999999996,22.893044454887637,24.014,25.329,25.381499999999996,117697605.75,0.960116794899203
2024-08-16,22.41,24.38,22.34,24.25,84002577.0,1973469558.0,48.957881012384505,24.72146491840426,23.34702254794332,22.87557106393102,0.13160746665117173,0.6360687037928225,-0.5044612371416508,27.874143761951466,25.339499999999997,22.80485623804853,23.877999999999997,25.083000000000002,25.339499999999997,112109406.25,0.7492910703021407
2024-08-23,24.2,24.66,23.07,23.65,89310668.0,2117819954.0,46.43145678145847,24.619420640460994,23.358904016651426,22.90096217658902,0.04172757740902355,0.5172004785160628,-0.4754729011070392,27.86638179133915,25.235499999999995,22.60461820866084,23.528,24.71,25.235499999999995,98858975.5,0.903414864945672
2024-08-30,23.65,25.09,23.25,24.66,101491473.0,2441348931.0,51.01403744728813,24.62328534136947,23.409927388547448,22.958635547848395,0.051403133388433275,0.42404100949053686,-0.3726378761021036,27.792974966502477,25.171499999999998,22.55002503349752,23.707999999999995,24.445,25.171499999999998,96952041.5,1.0468214122133777
2024-09-06,24.6,25.16,22.66,22.8,112531276.0,2695795856.0,43.6144583111301,24.449639118381903,23.38600866742794,22.95343438234517,-0.08997816187998708,0.321237175216432,-0.4112153370964191,27.586892110041564,24.949999999999996,22.313107889958427,23.593999999999994,24.148000000000003,24.949999999999996,96833998.5,1.162105022442092
2024-09-13,22.52,22.89,21.6,22.27,131420961.0,2917441435.0,41.755873004768475,24.242054440440768,23.342243621646453,22.931026697678114,-0.24200079308025835,0.20858958155709395,-0.4505903746373523,27.693106285984825,24.810499999999998,21.92789371401517,23.525999999999993,23.770000000000003,24.810499999999998,108688594.5,1.2091513521227841
2024-09-20,22.26,23.61,22.2,23.49,64101858.0,1482773184.0,47.320804179142634,24.170430208017837,23.348037989425023,22.949353691196865,-0.2610270620482176,0.11466625283603164,-0.37569331488424923,27.696460346907166,24.758499999999998,21.82053965309283,23.37399999999999,23.626,24.758499999999998,102386392.0,0.6260779069155987
2024-09-27,23.56,27.54,23.43,26.7,151497065.0,3849396492.0,58.54417077991376,24.411341616778042,23.479487480035807,23.072325701321557,-0.016890639592368473,0.08835487435035161,-0.10524551394272008,27.902802569259165,24.845499999999998,21.78819743074083,23.983999999999995,23.756,24.845499999999998,114887790.0,1.3186524433971618
2024-10-04,27.25,28.11,25.99,27.58,121488817.0,3259016329.0,60.997409383648126,24.713118605656323,23.640291892583424,23.220118301278227,0.24477625138691295,0.11963914975766388,0.12513710162924907,28.27585736354165,25.0045,21.73314263645835,24.567999999999994,24.137999999999998,25.0045,117127175.25,1.037238512246969
2024-10-11,29.33,29.87,24.61,25.4,344636687.0,9006943983.0,52.680489961830276,24.778535881308102,23.709300053658584,23.29158983238386,0.27309331695316885,0.15032998319676488,0.12276333375640397,28.278053789288812,25.005999999999997,21.73394621071118,25.087999999999994,24.341,25.005999999999997,170431106.75,2.022146623183857
2024-10-18,25.5,26.36,24.76,25.16,172184131.0,4379422430.0,51.84242849607558,24.814865797373997,23.766190247632757,23.352849182141767,0.2730215783859542,0.17486830223460276,0.09815327615135144,28.201912755423265,24.9625,21.723087244576732,25.665999999999997,24.596,24.9625,197451675.0,0.8720317566310846
2024-10-25,25.15,25.53,24.64,25.0,176353224.0,4413912779.0,51.25700157700258,24.832497626195522,23.814574943804022,23.40685412698958,0.2570904831736236,0.19131273842240692,0.06577774475121667,28.01612153316802,24.877,21.73787846683198,25.967999999999996,24.671,24.877,203665714.75,0.8658954906400121
2024-11-01,25.0,25.39,24.23,25.17,175402433.0,4366890622.0,51.87878276368008,24.864640709414996,23.867728867576414,23.464662188399757,0.25524030335571624,0.2040982514090688,0.05114205194664745,27.693855632648447,24.7665,21.839144367351555,25.661999999999995,24.823,24.7665,217144118.75,0.8077696693316498
2024-11-08,25.2,25.3,23.82,24.2,225037058.0,5515579128.0,48.10785006748593,24.801341594232614,23.880759108063614,23.488771624845665,0.17350309348863036,0.1979792198249811,-0.02447612633635074,27.302281479146796,24.610999999999997,21.9197185208532,24.985999999999997,24.777,24.610999999999997,187244211.5,1.2018371953784002
2024-11-15,23.8,24.05,23.08,23.53,228877743.0,5386621702.0,45.64014220809197,24.680261442400937,23.867003848923865,23.490123374850725,0.05403943227095809,0.1691912623141765,-0.11515183004321841,27.174420714578915,24.499000000000002,21.82357928542109,24.611999999999995,24.85,24.499000000000002,201417614.5,1.136334295131869
2024-11-22,23.63,24.29,23.35,23.41,186663869.0,4445426624.0,45.19300568193428,24.559284162172276,23.849082129358223,23.48749637895398,-0.04974593685708939,0.12540382247992332,-0.1751497593370127,26.983150607285076,24.367,21.750849392714926,24.261999999999993,24.964,24.367,203995275.75,0.9150401562669522
2024-11-29,23.69,23.86,23.0,23.35,116150693.0,2724665506.0,44.95584971404216,24.44411424196539,23.829510281148096,23.48298830095549,-0.13527867977100527,0.0732673220297376,-0.20854600180074287,26.92670119566382,24.288000000000004,21.649298804336187,23.931999999999995,24.949999999999996,24.288000000000004,189182340.75,0.6139616020159641
2024-12-06,23.39,25.17,23.06,24.79,201274455.0,4914338001.0,51.52989534469111,24.47705574273059,23.867176544632486,23.525841143547115,-0.0858780802902146,0.04143824156574716,-0.12731632185596176,26.857906698960328,24.257500000000004,21.65709330103968,23.855999999999995,24.758999999999997,24.257500000000004,183241690.0,1.0984097287031134
2024-12-13,24.98,25.43,23.94,24.61,185833832.0,4610240212.0,50.714536661316465,24.489717100565773,23.896306876215526,23.561387335561964,-0.06055421368514757,0.02103975051556821,-0.08159396420071578,26.89427061040231,24.300000000000004,21.7057293895977,23.937999999999995,24.462,24.300000000000004,172480712.25,1.0774180462024385
2024-12-20,24.85,25.65,23.51,23.64,181281127.0,4476783626.0,46.44921551013263,24.40879166241665,23.88625562616786,23.563964799969767,-0.11740241832579201,-0.0066486832527038395,-0.11075373507308817,26.891028079380934,24.313500000000005,21.735971920619075,23.959999999999994,24.286,24.313500000000005,171135026.75,1.0592871047072192
2024-12-27,23.59,23.94,22.38,22.79,212411010.0,4925925534.0,43.03367395020254,24.25462102790078,23.843265209455392,23.53858890488879,-0.22840995850492263,-0.0510009383031476,-0.17740902020177501,26.87732973992331,24.322500000000005,21.7676702600767,23.835999999999995,24.049,24.322500000000005,195200106.0,1.0881705668745898
2025-01-03,22.88,23.78,22.83,23.53,163177395.0,3817685107.0,46.70770712911156,24.185609501434037,23.83098029928067,23.538307301449812,-0.2537473764970599,-0.09155022594193006,-0.16219715055512984,26.86458669365409,24.286500000000007,21.708413306345925,23.871999999999996,23.902,24.286500000000007,185675841.0,0.8788294380204261
2025-01-10,23.52,23.52,21.8,22.15,138926273.0,3134302847.0,41.35160026150468,23.99174192986889,23.76505950323045,23.49278902927113,-0.380792392000906,-0.14939865915372524,-0.23139373284718073,26.942055071774952,24.211500000000008,21.480944928225064,23.344,23.6,24.211500000000008,173948951.25,0.7986611704277234
2025-01-17,22.15,22.63,21.78,21.94,167724505.0,3716932628.0,40.5888328324268,23.796337936548046,23.693488542319454,23.441877913557324,-0.49274170737285417,-0.21806726879755103,-0.27467443857530316,26.969227526910085,24.075500000000005,21.181772473089925,22.81,23.374000000000002,24.075500000000005,170559795.75,0.9833765587163585
2025-01-24,21.95,22.2,21.02,21.58,164489061.0,3536372069.0,39.25214170163401,23.585258133067278,23.610606638699082,23.380832736063642,-0.6035539435489063,-0.2951646037478221,-0.30838933980108424,27.06062852650659,24.014500000000005,20.96837147349342,22.398,23.179000000000002,24.014500000000005,158579308.5,1.0372668575484425
2025-01-31,21.69,21.95,21.58,21.75,21587458.0,470461026.0,40.252771364052556,23.410471644203728,23.537641672475587,23.327362810291064,-0.6699332859255982,-0.3701183401833773,-0.2998149457422209,27.101879353692198,23.988500000000005,20.875120646307813,22.189999999999998,23.013,23.988500000000005,123181824.25,0.17524872789826376
2025-02-07,21.8,21.9,20.65,21.27,113848584.0,2388118563.0,38.33282023801175,23.20661720189861,23.44871454806478,23.259908291920866,-0.7525959241304072,-0.4466138569727833,-0.30598206715762394,27.204990796380585,23.877500000000005,20.550009203619425,21.737999999999996,22.805000000000003,23.877500000000005,116912402.0,0.9737939008386809
2025-02-14,21.22,21.41,20.92,21.19,145467101.0,3078079858.0,38.007436088022054,23.014558420765407,23.3601375069642,23.192042446284116,-0.8151652740158788,-0.5203241403814024,-0.2948411336344764,26.860807143725697,23.602000000000004,20.34319285627431,21.546,22.445000000000004,23.602000000000004,111348051.0,1.306418026122433
2025-02-21,21.19,21.23,19.38,19.53,234100956.0,4684418362.0,31.947532362311915,22.682695714025844,23.20993603610286,23.07197548083218,-0.9873188641083068,-0.6137230851267833,-0.3735957789815235,26.381188073962733,23.199500000000008,20.017811926037282,21.064,21.937000000000005,23.199500000000008,128751024.75,1.8182453806061842
2025-02-28,19.39,19.91,18.95,18.95,218000764.0,4232185134.0,30.13937595201075,22.32720088411862,23.042879720961572,22.936828743755715,-1.15721334222507,-0.7224211365464407,-0.4347922056786294,26.39130277580018,22.877000000000006,19.36269722419983,20.538,21.468,22.877000000000006,177854351.25,1.225726345562209
2025-03-07,19.02,19.28,18.59,18.91,154968445.0,2930263827.0,30.013214155422663,22.00175318086923,22.88080600641406,22.804801571829298,-1.2803248183310814,-0.8340018729033688,-0.44632294542771256,26.314793188538406,22.564500000000006,18.814206811461606,19.97,21.080000000000002,22.564500000000006,188134316.5,0.8237117389479554
2025-03-14,18.88,20.46,18.88,20.2,297475818.0,5864857652.0,38.89650824504287,21.830157639834066,22.775676359103702,22.719398241605386,-1.2592830994018165,-0.9190581182030584,-0.3402249811987581,26.03477478766697,22.324500000000008,18.614225212333046,19.756,20.747,22.324500000000008,226136495.75,1.3154701854444033
2025-03-21,20.21,20.53,19.61,19.9,234236531.0,4680780723.0,37.69812970504796,21.64633310270701,22.662904737178067,22.626958954995374,-1.2523782415580733,-0.9857221428740613,-0.26665609868401197,25.672741408240345,22.061000000000003,18.449258591759662,19.498,20.522,22.061000000000003,226170389.5,1.0356640032226676
2025-03-28,19.81,20.43,19.78,19.87,165874164.0,3337155721.0,37.57346333379434,21.47715852149682,22.5533790612103,22.53656685811028,-1.2350894983294047,-1.0355956139651301,-0.19949388436427462,25.436465896274356,21.844500000000004,18.25253410372565,19.566000000000003,20.315,21.844500000000004,213138739.5,0.778245026639092
2025-04-04,19.82,20.38,19.68,20.06,114144372.0,2283618708.0,38.95044775459844,21.342191043259024,22.455599490182447,22.455367944729616,-1.1923123975282621,-1.0669389706777566,-0.12537342685050556,25.255761637821585,21.671000000000006,18.086238362178428,19.788000000000004,20.163,21.671000000000006,202932721.25,0.5624739632766345
2025-04-11,19.21,19.66,18.6,19.05,269082000.0,5171624376.0,34.58347153035332,21.123887134377213,22.32204656899882,22.343716536705696,-1.2257797698632267,-1.0987071305148506,-0.1270726393483761,25.117631495798406,21.453000000000007,17.788368504201607,19.816000000000003,19.893,21.453000000000007,195834266.75,1.3740291955314812
2025-04-18,19.1,20.6,19.03,20.29,185053203.0,3714777071.0,43.028667723905215,21.044469312055575,22.24235846825377,22.276381568289114,-1.1391142664804974,-1.10678855770798,-0.0323257087725175,24.889802222964107,21.300000000000004,17.7101977770359,19.834000000000003,19.794999999999998,21.300000000000004,183538434.75,1.0082531391970477
2025-04-25,20.29,20.7,19.98,20.0,127420748.0,2583653871.0,41.67365057350956,20.94499604424076,22.15442284204774,22.201746107033735,-1.0813664872891238,-1.1017041436242088,0.020337656335084997,24.309995191564063,21.060500000000005,17.811004808435946,19.854000000000003,19.676,21.060500000000005,173925080.75,0.7326185933077395
2025-05-02,20.0,20.04,19.15,19.17,110100809.0,2153667361.0,37.98657678789178,20.775948801932117,22.037386652163516,22.10234459532771,-1.0900100621415874,-1.0993653273276844,0.009355265186097084,23.696814116459553,20.788500000000006,17.88018588354046,19.714000000000002,19.639999999999997,20.788500000000006,172914190.0,0.6367366900310495
2025-05-09,19.25,19.65,19.07,19.57,148412035.0,2870065224.0,40.709119879056644,20.661096535081438,21.94062639129436,22.019316903677623,-1.0524514947223906,-1.0899825608066256,0.037531066084234954,23.223821706746847,20.585000000000004,17.946178293253162,19.616000000000003,19.701999999999998,20.585000000000004,142746698.75,1.0396880369186121
2025-05-16,19.57,20.38,19.3,20.08,230780358.0,4569255265.0,44.08005695134454,20.605754007930823,21.867660650459285,21.955732742901308,-0.970347756776043,-1.066055600000509,0.09570784322446602,22.892559352532885,20.449500000000004,18.006440647467123,19.822000000000003,19.819,20.449500000000004,154178487.5,1.4968389023792958
2025-05-23,20.12,21.25,19.95,20.82,205040175.0,4227237600.0,48.64264852475579,20.626158388127887,21.826575919068727,21.91849560378979,-0.8359320332365812,-1.0200308866477235,0.1840988534111423,22.320154530438554,20.314,18.307845469561446,19.928000000000004,19.881,20.314,173583344.25,1.181220328977502
2025-05-30,20.7,21.13,20.37,20.87,125231193.0,2608010612.0,48.945758112075666,20.649381398782374,21.78906313792878,21.884118698747503,-0.7171056739593809,-0.959445844110055,0.2423401701506741,22.092802214020363,20.250000000000004,18.407197785979644,20.102000000000004,19.978,20.250000000000004,177365940.25,0.7060611119783466
2025-06-06,20.68,20.74,20.01,20.03,139712833.0,2827082241.0,44.22355492415688,20.590392694136433,21.72008026977471,21.823327921739388,-0.6828445016030642,-0.9041255756086568,0.2212810740055926,21.827192141429137,20.154500000000002,18.481807858570868,20.274000000000004,19.994,20.154500000000002,175191139.75,0.7974880076662096
2025-06-13,20.0,20.25,19.69,19.79,155762546.0,3105504763.0,42.94859877260977,20.51416481850439,21.644390847430603,21.75666143250203,-0.667365298171724,-0.8567735201212703,0.18940822194954632,21.60967472303981,20.065000000000005,18.5203252769602,20.318,19.967,20.065000000000005,156436686.75,0.9956906479930929
2025-06-20,19.86,20.33,19.63,19.95,172816123.0,3447432553.0,44.10552039929424,20.460434835789687,21.577944147531365,21.697426631436393,-0.6348688818289752,-0.8123925924628113,0.1775237106338361,21.31231821194461,19.975,18.637681788055392,20.292,20.056999999999995,19.975,148380673.75,1.1646808080354871
2025-06-27,20.01,20.87,19.03,19.3,284378281.0,5662327522.0,40.5113976295661,20.349917232381145,21.48861300449092,21.61882247958602,-0.6540256054142368,-0.7807191950530964,0.12669358963885957,21.103419312749725,19.876500000000004,18.649580687250282,19.988000000000003,19.958,19.876500000000004,188167445.75,1.511304359085716
2025-07-04,19.28,19.85,19.05,19.37,172272458.0,3338554229.0,41.068349832473785,20.25659178167818,21.405530141569706,21.545090595009427,-0.6559971055974039,-0.7557747771619578,0.09977767156455397,20.871068514649323,19.785500000000006,18.69993148535069,19.688000000000002,19.895,19.785500000000006,196307352.0,0.8775649828947822
2025-07-11,19.43,19.56,19.05,19.34,212265459.0,4090065172.0,40.89165382603957,20.169297326280258,21.324528959547365,21.472792542714036,-0.6524591401500572,-0.7351116497595778,0.08265250960952053,20.873604664712357,19.776000000000003,18.67839533528765,19.550000000000004,19.912,19.776000000000003,210433080.25,1.0087076554115117
2025-07-18,19.34,19.58,18.92,19.14,207708904.0,3989552085.0,39.66637365832888,20.07126900949166,21.238861157212174,21.396307541313575,-0.6582062140571203,-0.7197305626190863,0.06152434856196598,20.857329743941833,19.785500000000003,18.713670256058172,19.42,19.869,19.785500000000003,219156275.5,0.9477661706292321
2025-07-25,19.23,21.66,19.22,20.76,432237133.0,8945500375.0,52.168512506485186,20.136862437159124,21.220082288301892,21.375444998975425,-0.5259772125420596,-0.680979892603681,0.15500268006162132,20.95095107064537,19.878,18.80504892935463,19.582,19.937,19.878,256120988.5,1.6876287083360215
2025-08-01,20.42,21.06,19.97,20.01,203279787.0,4143010972.0,47.283502476517924,20.124780300286826,21.172628080917505,21.330676310484428,-0.47621400950271564,-0.6400267159834879,0.16381270648077229,20.93321169806612,19.8685,18.80378830193388,19.724000000000004,19.856,19.8685,263872820.75,0.770370311054478
2025-08-08,19.89,22.26,19.89,21.99,300607043.0,6374213892.0,58.36713089082185,20.30242027168808,21.204681881665838,21.35229348063248,-0.2738500867852487,-0.5667913901438401,0.29294130335859137,21.38363248225698,19.973000000000003,18.562367517743024,20.248,19.968,19.973000000000003,285958216.75,1.0512271562485187
2025-08-15,22.13,22.38,21.44,21.57,195184262.0,4247674028.0,55.692282272117566,20.423142150574932,21.219008082384825,21.359431399300266,-0.14568632868141762,-0.4825703778513556,0.33688404916993797,21.629287370279243,20.058,18.486712629720756,20.694,20.122,20.058,282827056.25,0.6901187764280596
2025-08-22,21.8,22.23,21.07,21.99,229827258.0,4966874822.0,57.77616475754631,20.572366707663033,21.249243059546203,21.38010577965108,-0.01010861132165175,-0.38807802454541485,0.3779694132237631,21.937256012470172,20.154500000000002,18.371743987529833,21.264,20.342000000000002,20.154500000000002,232224587.5,0.989676676678347
2025-08-29,22.03,22.24,20.02,20.38,280511612.0,5903914642.0,48.38234854575638,20.55404606883798,21.215155096426745,21.347315426219897,-0.032204603574577106,-0.3169033403512473,0.2846987367766702,21.93176474127759,20.221,18.51023525872241,21.187999999999995,20.385,20.221,251532543.75,1.1152100154435782
2025-09-05,20.25,20.7,19.8,20.3,221448490.0,4458333111.0,47.965030782143096,20.529851205139124,21.179266661272756,21.312977215524164,-0.055531040769036366,-0.2646288804348051,0.20909783966576873,21.932350957856535,20.2215,18.510649042143463,21.245999999999995,20.485000000000003,20.2215,231742905.5,0.9555782927732388
2025-09-12,20.31,20.48,19.91,20.23,175858225.0,3548573073.0,47.57832398893314,20.501293947506827,21.14204051769343,21.277469765834848,-0.07875795263627694,-0.22745469487509945,0.1486967422388225,21.940830202332318,20.233,18.525169797667683,20.894,20.571,20.233,226911396.25,0.7750083420501627
2025-09-19,20.23,21.08,20.0,20.72,259080634.0,5306494018.0,50.581816639853585,20.52212309536332,21.125489909156432,21.259192068594363,-0.05696982999509714,-0.193357721899099,0.13638789190400186,21.957952275484313,20.3105,18.66304772451569,20.723999999999997,20.709,20.3105,234224740.25,1.1061198476449159
2025-09-26,20.77,21.07,20.24,20.32,209912883.0,4312534789.0,48.15623024194344,20.50287327675729,21.09390206958167,21.228398886017498,-0.07115896661531096,-0.1689179708423414,0.09775900422703043,21.960086846295233,20.348000000000003,18.73591315370477,20.389999999999997,20.826999999999998,20.348000000000003,216575058.0,0.9692384937512056
2025-10-03,20.27,20.27,19.9,20.0,80579553.0,1612393543.0,46.24563900823988,20.454980583732784,21.051003949205917,21.18812351270545,-0.10699194867826733,-0.15653276640952657,0.049540817731259235,21.95912104809452,20.344,18.728878951905482,20.314,20.750999999999998,20.344,181357823.75,0.4443125272118292
2025-10-10,20.0,21.17,19.73,20.67,111952181.0,2284989912.0,50.659590498361204,20.475458623377282,21.03606261786451,21.17113585655117,-0.08039964746060235,-0.14130614261974173,0.06090649515913937,21.944085456514685,20.336500000000004,18.728914543485324,20.387999999999998,20.817,20.336500000000004,165381312.75,0.6769336821581131
2025-10-17,20.3,22.8,20.25,22.45,351386842.0,7599119263.0,60.04607881504354,20.663510183055635,21.091511142654138,21.213065828467524,0.08334531386332955,-0.09637585132312747,0.17972116518645703,22.25827480989893,20.4155,18.572725190101075,20.832,20.863,20.4155,188457864.75,1.8645379563550424
2025-10-24,22.61,23.0,22.1,22.76,242683190.0,5481199262.0,61.42252907403653,20.86317587990748,21.15694207823633,21.263784981632522,0.23541506630956377,-0.030017667796589213,0.265432734106153,22.64744840070039,20.552000000000003,18.456551599299615,21.240000000000002,20.982,20.552000000000003,196650441.5,1.2340841350208716
2025-10-31,22.55,23.33,22.16,22.7,160167773.0,3647820386.0,60.984608255727544,21.038111510392483,21.21745415359961,21.31087399862818,0.34708891718556245,0.04540364919984113,0.3016852679857213,22.958666734232178,20.6975,18.436333265767825,21.716,21.052999999999997,20.6975,216547496.5,0.7396426908126366
2025-11-07,22.98,24.64,22.91,24.13,206540332.0,4934866503.0,67.01979506441234,21.332577080831292,21.331671637772175,21.403304359328892,0.5447013198127912,0.14526318332243116,0.3994381364903601,23.58657667800724,20.9065,18.226423321992762,22.541999999999998,21.427999999999997,20.9065,240194534.25,0.8598877266084167
2025-11-14,24.17,24.7,23.55,23.62,168949630.0,4069431152.0,63.26131882469556,21.550426882656883,21.421410004918364,21.475982904924667,0.6526346686539242,0.24673748038872975,0.4058971882651944,23.942541666358508,21.122500000000002,18.302458333641496,23.131999999999998,21.759999999999998,21.122500000000002,194585231.25,0.8682551543849503
2025-11-21,23.65,24.24,22.85,22.9,137184638.0,3227297956.0,58.291284978290605,21.67895765573718,21.479393926294115,21.522671990009105,0.6723245041430843,0.33185488513960065,0.34046961900348366,24.10001338804339,21.299,18.49798661195661,23.221999999999998,22.026999999999997,21.299,168210593.25,0.8155529051378576
2025-11-28,23.0,23.08,22.3,22.68,127544890.0,2891510025.0,56.82230848529636,21.774295021857448,21.526476517419837,21.560617170664543,0.6625393381685747,0.39799177574539546,0.26454756242317923,24.17672241293688,21.466,18.755277587063123,23.205999999999996,22.223,21.466,160054872.5,0.7968822692355086
2025-12-05,22.5,23.0,22.45,22.62,108502160.0,2461392735.0,56.40482363955594,21.85483835310912,21.56935979124651,21.595351033921443,0.6425362669558545,0.4469006739874873,0.19563559296836724,24.17203475489531,21.640000000000004,19.107965245104698,23.189999999999994,22.453,21.640000000000004,135545329.5,0.8004861576584238
2025-12-12,22.48,22.53,21.48,21.86,187176367.0,4101491340.0,51.26670344165177,21.855329938527298,21.580757446491745,21.604028049202707,0.5589152138181852,0.46930358195362687,0.08961163186455834,24.19577987835753,21.695000000000004,19.194220121642477,22.735999999999997,22.639,21.695000000000004,140102013.75,1.3360005469585907
